Input.image_url,WorkerId,AssignmentStatus,image,worker,det_category,TP_pixels,FP_pixels,FN_pixels,TN_pixels
0_jpg.rf.e7fb12646e7f85bb25dbc8c4852d30a9.jpg,A1IZ4NX41GKU4X,Approved,0_jpg.rf.e7fb12646e7f85bb25dbc8c4852d30a9.jpg,A1IZ4NX41GKU4X,TN,0,0,0,1480000
0_jpg.rf.e7fb12646e7f85bb25dbc8c4852d30a9.jpg,A7V4CVENA0DYV,Approved,0_jpg.rf.e7fb12646e7f85bb25dbc8c4852d30a9.jpg,A7V4CVENA0DYV,TN,0,0,0,1480000
0_jpg.rf.e7fb12646e7f85bb25dbc8c4852d30a9.jpg,A2EI075XZT9Y2S,Approved,0_jpg.rf.e7fb12646e7f85bb25dbc8c4852d30a9.jpg,A2EI075XZT9Y2S,TN,0,0,0,1480000
0_jpg.rf.e7fb12646e7f85bb25dbc8c4852d30a9.jpg,A3TUMZ954ORSUC,Approved,0_jpg.rf.e7fb12646e7f85bb25dbc8c4852d30a9.jpg,A3TUMZ954ORSUC,TN,0,0,0,1480000
0_jpg.rf.e7fb12646e7f85bb25dbc8c4852d30a9.jpg,A2PYXFVGNJPPX0,Approved,0_jpg.rf.e7fb12646e7f85bb25dbc8c4852d30a9.jpg,A2PYXFVGNJPPX0,TN,0,0,0,1480000
013_gsv_00_jpg.rf.8239ca8fd1e9b4c8602c307b3c50987c.jpg,ARTQWWNFA7IOD,Approved,013_gsv_00_jpg.rf.8239ca8fd1e9b4c8602c307b3c50987c.jpg,ARTQWWNFA7IOD,TP,15826,2164,0,391610
013_gsv_00_jpg.rf.8239ca8fd1e9b4c8602c307b3c50987c.jpg,A1IZ4NX41GKU4X,Approved,013_gsv_00_jpg.rf.8239ca8fd1e9b4c8602c307b3c50987c.jpg,A1IZ4NX41GKU4X,FN,0,0,15826,393774
013_gsv_00_jpg.rf.8239ca8fd1e9b4c8602c307b3c50987c.jpg,A3QZMGTVA4VO44,Approved,013_gsv_00_jpg.rf.8239ca8fd1e9b4c8602c307b3c50987c.jpg,A3QZMGTVA4VO44,TP,15012,138,814,393636
013_gsv_00_jpg.rf.8239ca8fd1e9b4c8602c307b3c50987c.jpg,A7V4CVENA0DYV,Approved,013_gsv_00_jpg.rf.8239ca8fd1e9b4c8602c307b3c50987c.jpg,A7V4CVENA0DYV,TP,15826,1198,0,392576
013_gsv_00_jpg.rf.8239ca8fd1e9b4c8602c307b3c50987c.jpg,A234WZ4KX8IW07,Approved,013_gsv_00_jpg.rf.8239ca8fd1e9b4c8602c307b3c50987c.jpg,A234WZ4KX8IW07,TP,15826,929,0,392845
014_gsv_00_jpg.rf.77ba19eafadda66e595e6e5e2d034b95.jpg,A1IZ4NX41GKU4X,Approved,014_gsv_00_jpg.rf.77ba19eafadda66e595e6e5e2d034b95.jpg,A1IZ4NX41GKU4X,FN,0,0,21964,387636
014_gsv_00_jpg.rf.77ba19eafadda66e595e6e5e2d034b95.jpg,A7V4CVENA0DYV,Approved,014_gsv_00_jpg.rf.77ba19eafadda66e595e6e5e2d034b95.jpg,A7V4CVENA0DYV,FN,0,0,21964,387636
014_gsv_00_jpg.rf.77ba19eafadda66e595e6e5e2d034b95.jpg,AORHXBTOCXFUK,Rejected,014_gsv_00_jpg.rf.77ba19eafadda66e595e6e5e2d034b95.jpg,AORHXBTOCXFUK,TP,21964,196824,0,190812
014_gsv_00_jpg.rf.77ba19eafadda66e595e6e5e2d034b95.jpg,A234WZ4KX8IW07,Approved,014_gsv_00_jpg.rf.77ba19eafadda66e595e6e5e2d034b95.jpg,A234WZ4KX8IW07,TP,0,9185,21964,378451
014_gsv_00_jpg.rf.77ba19eafadda66e595e6e5e2d034b95.jpg,A3AA5G6HENO6VJ,Approved,014_gsv_00_jpg.rf.77ba19eafadda66e595e6e5e2d034b95.jpg,A3AA5G6HENO6VJ,FN,0,0,21964,387636
014_gsv_00_jpg.rf.77ba19eafadda66e595e6e5e2d034b95.jpg,A1YYDRHVY4LL8K,Approved,014_gsv_00_jpg.rf.77ba19eafadda66e595e6e5e2d034b95.jpg,A1YYDRHVY4LL8K,TP,21907,28246,57,359390
014_web_00_jpg.rf.a1a8b04b70168eea1c54286091ed42ba.jpg,A1IZ4NX41GKU4X,Approved,014_web_00_jpg.rf.a1a8b04b70168eea1c54286091ed42ba.jpg,A1IZ4NX41GKU4X,TP,0,549,19066,414785
014_web_00_jpg.rf.a1a8b04b70168eea1c54286091ed42ba.jpg,A2D7SD76AM3Y9C,Approved,014_web_00_jpg.rf.a1a8b04b70168eea1c54286091ed42ba.jpg,A2D7SD76AM3Y9C,TP,13,471,19053,414863
014_web_00_jpg.rf.a1a8b04b70168eea1c54286091ed42ba.jpg,A3QZMGTVA4VO44,Approved,014_web_00_jpg.rf.a1a8b04b70168eea1c54286091ed42ba.jpg,A3QZMGTVA4VO44,TP,18614,2264,452,413070
014_web_00_jpg.rf.a1a8b04b70168eea1c54286091ed42ba.jpg,A7V4CVENA0DYV,Approved,014_web_00_jpg.rf.a1a8b04b70168eea1c54286091ed42ba.jpg,A7V4CVENA0DYV,TP,6,488,19060,414846
014_web_00_jpg.rf.a1a8b04b70168eea1c54286091ed42ba.jpg,ABVM2KJ7CRNZ0,Approved,014_web_00_jpg.rf.a1a8b04b70168eea1c54286091ed42ba.jpg,ABVM2KJ7CRNZ0,TP,18104,28799,962,386535
021_web_00_jpg.rf.b99a633673138ed4ecebeb45876c15eb.jpg,A3TUMZ954ORSUC,Approved,021_web_00_jpg.rf.b99a633673138ed4ecebeb45876c15eb.jpg,A3TUMZ954ORSUC,TP,50107,86258,152,323141
021_web_00_jpg.rf.b99a633673138ed4ecebeb45876c15eb.jpg,A234WZ4KX8IW07,Approved,021_web_00_jpg.rf.b99a633673138ed4ecebeb45876c15eb.jpg,A234WZ4KX8IW07,TP,49786,15286,473,394113
021_web_00_jpg.rf.b99a633673138ed4ecebeb45876c15eb.jpg,A1XO6ONCCTBMKW,Approved,021_web_00_jpg.rf.b99a633673138ed4ecebeb45876c15eb.jpg,A1XO6ONCCTBMKW,TP,45230,67823,5029,341576
021_web_00_jpg.rf.b99a633673138ed4ecebeb45876c15eb.jpg,A16X5FB3HAFCKN,Approved,021_web_00_jpg.rf.b99a633673138ed4ecebeb45876c15eb.jpg,A16X5FB3HAFCKN,TP,50111,27372,148,382027
021_web_00_jpg.rf.b99a633673138ed4ecebeb45876c15eb.jpg,A2PYXFVGNJPPX0,Approved,021_web_00_jpg.rf.b99a633673138ed4ecebeb45876c15eb.jpg,A2PYXFVGNJPPX0,TP,44587,8295,5672,401104
035_web_00_jpg.rf.d74c7e9b8b50701addc672ab754baed2.jpg,A1IZ4NX41GKU4X,Approved,035_web_00_jpg.rf.d74c7e9b8b50701addc672ab754baed2.jpg,A1IZ4NX41GKU4X,FN,0,0,18356,340081
035_web_00_jpg.rf.d74c7e9b8b50701addc672ab754baed2.jpg,A7V4CVENA0DYV,Approved,035_web_00_jpg.rf.d74c7e9b8b50701addc672ab754baed2.jpg,A7V4CVENA0DYV,FN,0,0,18356,340081
035_web_00_jpg.rf.d74c7e9b8b50701addc672ab754baed2.jpg,A3AA5G6HENO6VJ,Approved,035_web_00_jpg.rf.d74c7e9b8b50701addc672ab754baed2.jpg,A3AA5G6HENO6VJ,FN,0,0,18356,340081
035_web_00_jpg.rf.d74c7e9b8b50701addc672ab754baed2.jpg,A272A0JGRTBFCR,Approved,035_web_00_jpg.rf.d74c7e9b8b50701addc672ab754baed2.jpg,A272A0JGRTBFCR,TP,17891,13975,465,326106
035_web_00_jpg.rf.d74c7e9b8b50701addc672ab754baed2.jpg,A3TUMZ954ORSUC,Approved,035_web_00_jpg.rf.d74c7e9b8b50701addc672ab754baed2.jpg,A3TUMZ954ORSUC,TP,15751,2025,2605,338056
060_gsv_00_jpg.rf.a534a7484295281ad0684fe88bb23167.jpg,A3QZMGTVA4VO44,Approved,060_gsv_00_jpg.rf.a534a7484295281ad0684fe88bb23167.jpg,A3QZMGTVA4VO44,TP,65893,11096,1658,330953
060_gsv_00_jpg.rf.a534a7484295281ad0684fe88bb23167.jpg,A272A0JGRTBFCR,Approved,060_gsv_00_jpg.rf.a534a7484295281ad0684fe88bb23167.jpg,A272A0JGRTBFCR,TP,66826,25437,725,316612
060_gsv_00_jpg.rf.a534a7484295281ad0684fe88bb23167.jpg,A3TUMZ954ORSUC,Approved,060_gsv_00_jpg.rf.a534a7484295281ad0684fe88bb23167.jpg,A3TUMZ954ORSUC,TP,67551,29049,0,313000
060_gsv_00_jpg.rf.a534a7484295281ad0684fe88bb23167.jpg,ABVM2KJ7CRNZ0,Approved,060_gsv_00_jpg.rf.a534a7484295281ad0684fe88bb23167.jpg,ABVM2KJ7CRNZ0,TP,67258,11866,293,330183
060_gsv_00_jpg.rf.a534a7484295281ad0684fe88bb23167.jpg,A234WZ4KX8IW07,Approved,060_gsv_00_jpg.rf.a534a7484295281ad0684fe88bb23167.jpg,A234WZ4KX8IW07,TP,67551,15944,0,326105
090_web_00_jpg.rf.586e66c5a6dd0bf0dd36a26670e95252.jpg,A1IZ4NX41GKU4X,Approved,090_web_00_jpg.rf.586e66c5a6dd0bf0dd36a26670e95252.jpg,A1IZ4NX41GKU4X,FN,0,0,403716,1096284
090_web_00_jpg.rf.586e66c5a6dd0bf0dd36a26670e95252.jpg,A234WZ4KX8IW07,Approved,090_web_00_jpg.rf.586e66c5a6dd0bf0dd36a26670e95252.jpg,A234WZ4KX8IW07,TP,403091,29266,625,1067018
090_web_00_jpg.rf.586e66c5a6dd0bf0dd36a26670e95252.jpg,A3TUMZ954ORSUC,Approved,090_web_00_jpg.rf.586e66c5a6dd0bf0dd36a26670e95252.jpg,A3TUMZ954ORSUC,TP,384753,42193,18963,1054091
090_web_00_jpg.rf.586e66c5a6dd0bf0dd36a26670e95252.jpg,A16X5FB3HAFCKN,Approved,090_web_00_jpg.rf.586e66c5a6dd0bf0dd36a26670e95252.jpg,A16X5FB3HAFCKN,TP,400703,56546,3013,1039738
090_web_00_jpg.rf.586e66c5a6dd0bf0dd36a26670e95252.jpg,A5LYLHG880ABE,Approved,090_web_00_jpg.rf.586e66c5a6dd0bf0dd36a26670e95252.jpg,A5LYLHG880ABE,FN,0,0,403716,1096284
090_web_01_jpg.rf.933fcb730db8cb2a6139872f4b509afa.jpg,A1IZ4NX41GKU4X,Approved,090_web_01_jpg.rf.933fcb730db8cb2a6139872f4b509afa.jpg,A1IZ4NX41GKU4X,FN,0,0,78998,1421002
090_web_01_jpg.rf.933fcb730db8cb2a6139872f4b509afa.jpg,ABVM2KJ7CRNZ0,Approved,090_web_01_jpg.rf.933fcb730db8cb2a6139872f4b509afa.jpg,ABVM2KJ7CRNZ0,TP,78176,4577,822,1416425
090_web_01_jpg.rf.933fcb730db8cb2a6139872f4b509afa.jpg,A234WZ4KX8IW07,Approved,090_web_01_jpg.rf.933fcb730db8cb2a6139872f4b509afa.jpg,A234WZ4KX8IW07,TP,78717,9764,281,1411238
090_web_01_jpg.rf.933fcb730db8cb2a6139872f4b509afa.jpg,A2PYXFVGNJPPX0,Approved,090_web_01_jpg.rf.933fcb730db8cb2a6139872f4b509afa.jpg,A2PYXFVGNJPPX0,TP,74773,6649,4225,1414353
090_web_01_jpg.rf.933fcb730db8cb2a6139872f4b509afa.jpg,A16X5FB3HAFCKN,Approved,090_web_01_jpg.rf.933fcb730db8cb2a6139872f4b509afa.jpg,A16X5FB3HAFCKN,TP,65705,35102,13293,1385900
098_gsv_00_jpg.rf.fbd55a0d6a6496bacc825087addce6f7.jpg,A3QZMGTVA4VO44,Approved,098_gsv_00_jpg.rf.fbd55a0d6a6496bacc825087addce6f7.jpg,A3QZMGTVA4VO44,TP,41954,634,535,366477
098_gsv_00_jpg.rf.fbd55a0d6a6496bacc825087addce6f7.jpg,A272A0JGRTBFCR,Approved,098_gsv_00_jpg.rf.fbd55a0d6a6496bacc825087addce6f7.jpg,A272A0JGRTBFCR,TP,42489,3304,0,363807
098_gsv_00_jpg.rf.fbd55a0d6a6496bacc825087addce6f7.jpg,A3TUMZ954ORSUC,Approved,098_gsv_00_jpg.rf.fbd55a0d6a6496bacc825087addce6f7.jpg,A3TUMZ954ORSUC,TP,42262,1198,227,365913
098_gsv_00_jpg.rf.fbd55a0d6a6496bacc825087addce6f7.jpg,A7V4CVENA0DYV,Approved,098_gsv_00_jpg.rf.fbd55a0d6a6496bacc825087addce6f7.jpg,A7V4CVENA0DYV,FN,0,0,42489,367111
098_gsv_00_jpg.rf.fbd55a0d6a6496bacc825087addce6f7.jpg,A234WZ4KX8IW07,Approved,098_gsv_00_jpg.rf.fbd55a0d6a6496bacc825087addce6f7.jpg,A234WZ4KX8IW07,TP,42489,2684,0,364427
098_web_00_jpg.rf.63db886993e593ff73843a3dd23dab7a.jpg,A16DOX0X2E9XBI,Approved,098_web_00_jpg.rf.63db886993e593ff73843a3dd23dab7a.jpg,A16DOX0X2E9XBI,FN,0,0,22865,195581
098_web_00_jpg.rf.63db886993e593ff73843a3dd23dab7a.jpg,A1YYDRHVY4LL8K,Approved,098_web_00_jpg.rf.63db886993e593ff73843a3dd23dab7a.jpg,A1YYDRHVY4LL8K,TP,22812,1897,53,193684
098_web_00_jpg.rf.63db886993e593ff73843a3dd23dab7a.jpg,A3QZMGTVA4VO44,Approved,098_web_00_jpg.rf.63db886993e593ff73843a3dd23dab7a.jpg,A3QZMGTVA4VO44,TP,22364,666,501,194915
098_web_00_jpg.rf.63db886993e593ff73843a3dd23dab7a.jpg,A1IZ4NX41GKU4X,Approved,098_web_00_jpg.rf.63db886993e593ff73843a3dd23dab7a.jpg,A1IZ4NX41GKU4X,FN,0,0,22865,195581
098_web_00_jpg.rf.63db886993e593ff73843a3dd23dab7a.jpg,A234WZ4KX8IW07,Approved,098_web_00_jpg.rf.63db886993e593ff73843a3dd23dab7a.jpg,A234WZ4KX8IW07,TP,22767,1636,98,193945
102_jpg.rf.58a2478ef87c25f79f1f00abcbca40a6.jpg,A1IZ4NX41GKU4X,Approved,102_jpg.rf.58a2478ef87c25f79f1f00abcbca40a6.jpg,A1IZ4NX41GKU4X,TN,0,0,0,1373000
102_jpg.rf.58a2478ef87c25f79f1f00abcbca40a6.jpg,A35BY30TC8WCL4,Approved,102_jpg.rf.58a2478ef87c25f79f1f00abcbca40a6.jpg,A35BY30TC8WCL4,TN,0,0,0,1373000
102_jpg.rf.58a2478ef87c25f79f1f00abcbca40a6.jpg,A2EI075XZT9Y2S,Approved,102_jpg.rf.58a2478ef87c25f79f1f00abcbca40a6.jpg,A2EI075XZT9Y2S,TN,0,0,0,1373000
102_jpg.rf.58a2478ef87c25f79f1f00abcbca40a6.jpg,AORHXBTOCXFUK,Rejected,102_jpg.rf.58a2478ef87c25f79f1f00abcbca40a6.jpg,AORHXBTOCXFUK,FP,0,632031,0,740969
102_jpg.rf.58a2478ef87c25f79f1f00abcbca40a6.jpg,A3AA5G6HENO6VJ,Approved,102_jpg.rf.58a2478ef87c25f79f1f00abcbca40a6.jpg,A3AA5G6HENO6VJ,TN,0,0,0,1373000
102_jpg.rf.58a2478ef87c25f79f1f00abcbca40a6.jpg,A3TUMZ954ORSUC,Approved,102_jpg.rf.58a2478ef87c25f79f1f00abcbca40a6.jpg,A3TUMZ954ORSUC,TN,0,0,0,1373000
106_jpg.rf.dd1fd2aa52a43e7cceb2910d51cd37b5.jpg,A1IZ4NX41GKU4X,Approved,106_jpg.rf.dd1fd2aa52a43e7cceb2910d51cd37b5.jpg,A1IZ4NX41GKU4X,FP,0,30061,0,330579
106_jpg.rf.dd1fd2aa52a43e7cceb2910d51cd37b5.jpg,A14W0AXTJ3R19V,Approved,106_jpg.rf.dd1fd2aa52a43e7cceb2910d51cd37b5.jpg,A14W0AXTJ3R19V,TN,0,0,0,360640
106_jpg.rf.dd1fd2aa52a43e7cceb2910d51cd37b5.jpg,A2EI075XZT9Y2S,Approved,106_jpg.rf.dd1fd2aa52a43e7cceb2910d51cd37b5.jpg,A2EI075XZT9Y2S,TN,0,0,0,360640
106_jpg.rf.dd1fd2aa52a43e7cceb2910d51cd37b5.jpg,AORHXBTOCXFUK,Rejected,106_jpg.rf.dd1fd2aa52a43e7cceb2910d51cd37b5.jpg,AORHXBTOCXFUK,FP,0,308590,0,52050
106_jpg.rf.dd1fd2aa52a43e7cceb2910d51cd37b5.jpg,A3AA5G6HENO6VJ,Approved,106_jpg.rf.dd1fd2aa52a43e7cceb2910d51cd37b5.jpg,A3AA5G6HENO6VJ,TN,0,0,0,360640
106_jpg.rf.dd1fd2aa52a43e7cceb2910d51cd37b5.jpg,A1YYDRHVY4LL8K,Approved,106_jpg.rf.dd1fd2aa52a43e7cceb2910d51cd37b5.jpg,A1YYDRHVY4LL8K,FP,0,29754,0,330886
108_jpg.rf.ea96875fec23970f64f11a1d4abc1630.jpg,A1IZ4NX41GKU4X,Approved,108_jpg.rf.ea96875fec23970f64f11a1d4abc1630.jpg,A1IZ4NX41GKU4X,TN,0,0,0,1093120
108_jpg.rf.ea96875fec23970f64f11a1d4abc1630.jpg,A7V4CVENA0DYV,Approved,108_jpg.rf.ea96875fec23970f64f11a1d4abc1630.jpg,A7V4CVENA0DYV,TN,0,0,0,1093120
108_jpg.rf.ea96875fec23970f64f11a1d4abc1630.jpg,A35BY30TC8WCL4,Approved,108_jpg.rf.ea96875fec23970f64f11a1d4abc1630.jpg,A35BY30TC8WCL4,TN,0,0,0,1093120
108_jpg.rf.ea96875fec23970f64f11a1d4abc1630.jpg,A14W0AXTJ3R19V,Approved,108_jpg.rf.ea96875fec23970f64f11a1d4abc1630.jpg,A14W0AXTJ3R19V,TN,0,0,0,1093120
108_jpg.rf.ea96875fec23970f64f11a1d4abc1630.jpg,A34M93NJC830DP,Approved,108_jpg.rf.ea96875fec23970f64f11a1d4abc1630.jpg,A34M93NJC830DP,TN,0,0,0,1093120
116_jpg.rf.a33cd9f96cff07732893d1b928142333.jpg,A3AA5G6HENO6VJ,Approved,116_jpg.rf.a33cd9f96cff07732893d1b928142333.jpg,A3AA5G6HENO6VJ,TN,0,0,0,1294076
116_jpg.rf.a33cd9f96cff07732893d1b928142333.jpg,A1IZ4NX41GKU4X,Approved,116_jpg.rf.a33cd9f96cff07732893d1b928142333.jpg,A1IZ4NX41GKU4X,TN,0,0,0,1294076
116_jpg.rf.a33cd9f96cff07732893d1b928142333.jpg,A7V4CVENA0DYV,Approved,116_jpg.rf.a33cd9f96cff07732893d1b928142333.jpg,A7V4CVENA0DYV,TN,0,0,0,1294076
116_jpg.rf.a33cd9f96cff07732893d1b928142333.jpg,A14W0AXTJ3R19V,Approved,116_jpg.rf.a33cd9f96cff07732893d1b928142333.jpg,A14W0AXTJ3R19V,TN,0,0,0,1294076
116_jpg.rf.a33cd9f96cff07732893d1b928142333.jpg,A16X5FB3HAFCKN,Approved,116_jpg.rf.a33cd9f96cff07732893d1b928142333.jpg,A16X5FB3HAFCKN,TN,0,0,0,1294076
133_gsv_00_jpg.rf.d65f791083d8eb7b2d8abd3889968eeb.jpg,A3QZMGTVA4VO44,Approved,133_gsv_00_jpg.rf.d65f791083d8eb7b2d8abd3889968eeb.jpg,A3QZMGTVA4VO44,TP,15943,340,101,393216
133_gsv_00_jpg.rf.d65f791083d8eb7b2d8abd3889968eeb.jpg,A1IZ4NX41GKU4X,Approved,133_gsv_00_jpg.rf.d65f791083d8eb7b2d8abd3889968eeb.jpg,A1IZ4NX41GKU4X,FN,0,0,16044,393556
133_gsv_00_jpg.rf.d65f791083d8eb7b2d8abd3889968eeb.jpg,A234WZ4KX8IW07,Approved,133_gsv_00_jpg.rf.d65f791083d8eb7b2d8abd3889968eeb.jpg,A234WZ4KX8IW07,TP,16044,783,0,392773
133_gsv_00_jpg.rf.d65f791083d8eb7b2d8abd3889968eeb.jpg,A272A0JGRTBFCR,Approved,133_gsv_00_jpg.rf.d65f791083d8eb7b2d8abd3889968eeb.jpg,A272A0JGRTBFCR,TP,15840,520,204,393036
133_gsv_00_jpg.rf.d65f791083d8eb7b2d8abd3889968eeb.jpg,A3TUMZ954ORSUC,Approved,133_gsv_00_jpg.rf.d65f791083d8eb7b2d8abd3889968eeb.jpg,A3TUMZ954ORSUC,TP,15900,669,144,392887
139_web_01_jpg.rf.0e7a74d01b579bf825ddbbc411ea3f6e.jpg,A1IZ4NX41GKU4X,Approved,139_web_01_jpg.rf.0e7a74d01b579bf825ddbbc411ea3f6e.jpg,A1IZ4NX41GKU4X,FN,0,0,283550,2509922
139_web_01_jpg.rf.0e7a74d01b579bf825ddbbc411ea3f6e.jpg,A3N5RTXKN4I723,Approved,139_web_01_jpg.rf.0e7a74d01b579bf825ddbbc411ea3f6e.jpg,A3N5RTXKN4I723,FN,0,0,283550,2509922
139_web_01_jpg.rf.0e7a74d01b579bf825ddbbc411ea3f6e.jpg,A7V4CVENA0DYV,Approved,139_web_01_jpg.rf.0e7a74d01b579bf825ddbbc411ea3f6e.jpg,A7V4CVENA0DYV,FN,0,0,283550,2509922
139_web_01_jpg.rf.0e7a74d01b579bf825ddbbc411ea3f6e.jpg,A35BY30TC8WCL4,Approved,139_web_01_jpg.rf.0e7a74d01b579bf825ddbbc411ea3f6e.jpg,A35BY30TC8WCL4,FN,0,0,283550,2509922
139_web_01_jpg.rf.0e7a74d01b579bf825ddbbc411ea3f6e.jpg,A2EI075XZT9Y2S,Approved,139_web_01_jpg.rf.0e7a74d01b579bf825ddbbc411ea3f6e.jpg,A2EI075XZT9Y2S,FN,0,0,283550,2509922
15_jpg.rf.942b5e104ffaeb86f129bdc3fec5d0e0.jpg,A1IZ4NX41GKU4X,Approved,15_jpg.rf.942b5e104ffaeb86f129bdc3fec5d0e0.jpg,A1IZ4NX41GKU4X,TN,0,0,0,280900
15_jpg.rf.942b5e104ffaeb86f129bdc3fec5d0e0.jpg,A272A0JGRTBFCR,Approved,15_jpg.rf.942b5e104ffaeb86f129bdc3fec5d0e0.jpg,A272A0JGRTBFCR,FP,0,177971,0,102929
15_jpg.rf.942b5e104ffaeb86f129bdc3fec5d0e0.jpg,A3TUMZ954ORSUC,Approved,15_jpg.rf.942b5e104ffaeb86f129bdc3fec5d0e0.jpg,A3TUMZ954ORSUC,TN,0,0,0,280900
15_jpg.rf.942b5e104ffaeb86f129bdc3fec5d0e0.jpg,A16X5FB3HAFCKN,Approved,15_jpg.rf.942b5e104ffaeb86f129bdc3fec5d0e0.jpg,A16X5FB3HAFCKN,TN,0,0,0,280900
15_jpg.rf.942b5e104ffaeb86f129bdc3fec5d0e0.jpg,A2IRHCO3GWX449,Approved,15_jpg.rf.942b5e104ffaeb86f129bdc3fec5d0e0.jpg,A2IRHCO3GWX449,TN,0,0,0,280900
154_web_00_jpg.rf.fadf4851273ccc77e05f0c237d8923b6.jpg,A2AHOL6JU0F0K1,Approved,154_web_00_jpg.rf.fadf4851273ccc77e05f0c237d8923b6.jpg,A2AHOL6JU0F0K1,TP,131980,5066,3922,823632
154_web_00_jpg.rf.fadf4851273ccc77e05f0c237d8923b6.jpg,A3QZMGTVA4VO44,Approved,154_web_00_jpg.rf.fadf4851273ccc77e05f0c237d8923b6.jpg,A3QZMGTVA4VO44,TP,133500,3867,2402,824831
154_web_00_jpg.rf.fadf4851273ccc77e05f0c237d8923b6.jpg,A1IZ4NX41GKU4X,Approved,154_web_00_jpg.rf.fadf4851273ccc77e05f0c237d8923b6.jpg,A1IZ4NX41GKU4X,TP,134955,6924,947,821774
154_web_00_jpg.rf.fadf4851273ccc77e05f0c237d8923b6.jpg,A234WZ4KX8IW07,Approved,154_web_00_jpg.rf.fadf4851273ccc77e05f0c237d8923b6.jpg,A234WZ4KX8IW07,TP,135509,14886,393,813812
154_web_00_jpg.rf.fadf4851273ccc77e05f0c237d8923b6.jpg,A272A0JGRTBFCR,Approved,154_web_00_jpg.rf.fadf4851273ccc77e05f0c237d8923b6.jpg,A272A0JGRTBFCR,TP,135492,13177,410,815521
155_gsv_00_jpg.rf.669afb28197961031f1754ff90017b79.jpg,A3QZMGTVA4VO44,Approved,155_gsv_00_jpg.rf.669afb28197961031f1754ff90017b79.jpg,A3QZMGTVA4VO44,TP,39406,6170,468,363556
155_gsv_00_jpg.rf.669afb28197961031f1754ff90017b79.jpg,ABVM2KJ7CRNZ0,Approved,155_gsv_00_jpg.rf.669afb28197961031f1754ff90017b79.jpg,ABVM2KJ7CRNZ0,TP,39567,4256,307,365470
155_gsv_00_jpg.rf.669afb28197961031f1754ff90017b79.jpg,A3TUMZ954ORSUC,Approved,155_gsv_00_jpg.rf.669afb28197961031f1754ff90017b79.jpg,A3TUMZ954ORSUC,TP,39786,9238,88,360488
155_gsv_00_jpg.rf.669afb28197961031f1754ff90017b79.jpg,A2PYXFVGNJPPX0,Approved,155_gsv_00_jpg.rf.669afb28197961031f1754ff90017b79.jpg,A2PYXFVGNJPPX0,TP,38748,6683,1126,363043
155_gsv_00_jpg.rf.669afb28197961031f1754ff90017b79.jpg,A272A0JGRTBFCR,Approved,155_gsv_00_jpg.rf.669afb28197961031f1754ff90017b79.jpg,A272A0JGRTBFCR,TP,36847,1748,3027,367978
161_web_00_jpg.rf.af092d7246707aa7a012c7bfbd276a0d.jpg,A2AHOL6JU0F0K1,Approved,161_web_00_jpg.rf.af092d7246707aa7a012c7bfbd276a0d.jpg,A2AHOL6JU0F0K1,TP,51595,1212,2717,544476
161_web_00_jpg.rf.af092d7246707aa7a012c7bfbd276a0d.jpg,A3QZMGTVA4VO44,Approved,161_web_00_jpg.rf.af092d7246707aa7a012c7bfbd276a0d.jpg,A3QZMGTVA4VO44,TP,53469,738,843,544950
161_web_00_jpg.rf.af092d7246707aa7a012c7bfbd276a0d.jpg,A7V4CVENA0DYV,Approved,161_web_00_jpg.rf.af092d7246707aa7a012c7bfbd276a0d.jpg,A7V4CVENA0DYV,TP,53914,3464,398,542224
161_web_00_jpg.rf.af092d7246707aa7a012c7bfbd276a0d.jpg,A35BY30TC8WCL4,Approved,161_web_00_jpg.rf.af092d7246707aa7a012c7bfbd276a0d.jpg,A35BY30TC8WCL4,TP,52652,1214,1660,544474
161_web_00_jpg.rf.af092d7246707aa7a012c7bfbd276a0d.jpg,A1XO6ONCCTBMKW,Approved,161_web_00_jpg.rf.af092d7246707aa7a012c7bfbd276a0d.jpg,A1XO6ONCCTBMKW,TP,48683,453,5629,545235
161_web_01_jpg.rf.e1aeeb4188cc1ae4f8975800a7d126b2.jpg,A3AA5G6HENO6VJ,Approved,161_web_01_jpg.rf.e1aeeb4188cc1ae4f8975800a7d126b2.jpg,A3AA5G6HENO6VJ,TP,15040,2006,2069,144885
161_web_01_jpg.rf.e1aeeb4188cc1ae4f8975800a7d126b2.jpg,A16DOX0X2E9XBI,Approved,161_web_01_jpg.rf.e1aeeb4188cc1ae4f8975800a7d126b2.jpg,A16DOX0X2E9XBI,FN,0,0,17109,146891
161_web_01_jpg.rf.e1aeeb4188cc1ae4f8975800a7d126b2.jpg,A1IZ4NX41GKU4X,Approved,161_web_01_jpg.rf.e1aeeb4188cc1ae4f8975800a7d126b2.jpg,A1IZ4NX41GKU4X,TP,15389,1238,1720,145653
161_web_01_jpg.rf.e1aeeb4188cc1ae4f8975800a7d126b2.jpg,A7V4CVENA0DYV,Approved,161_web_01_jpg.rf.e1aeeb4188cc1ae4f8975800a7d126b2.jpg,A7V4CVENA0DYV,TP,17109,2247,0,144644
161_web_01_jpg.rf.e1aeeb4188cc1ae4f8975800a7d126b2.jpg,A272A0JGRTBFCR,Approved,161_web_01_jpg.rf.e1aeeb4188cc1ae4f8975800a7d126b2.jpg,A272A0JGRTBFCR,TP,16494,1357,615,145534
161_web_02_jpg.rf.326231c4f0c5a5db098153fb4a55a456.jpg,A2VMQ3OKPH6O98,Approved,161_web_02_jpg.rf.326231c4f0c5a5db098153fb4a55a456.jpg,A2VMQ3OKPH6O98,TP,5043,30,1177,158750
161_web_02_jpg.rf.326231c4f0c5a5db098153fb4a55a456.jpg,A3QZMGTVA4VO44,Approved,161_web_02_jpg.rf.326231c4f0c5a5db098153fb4a55a456.jpg,A3QZMGTVA4VO44,TP,5099,26,1121,158754
161_web_02_jpg.rf.326231c4f0c5a5db098153fb4a55a456.jpg,A1IZ4NX41GKU4X,Approved,161_web_02_jpg.rf.326231c4f0c5a5db098153fb4a55a456.jpg,A1IZ4NX41GKU4X,FN,0,0,6220,158780
161_web_02_jpg.rf.326231c4f0c5a5db098153fb4a55a456.jpg,A7V4CVENA0DYV,Approved,161_web_02_jpg.rf.326231c4f0c5a5db098153fb4a55a456.jpg,A7V4CVENA0DYV,TP,5216,333,1004,158447
161_web_02_jpg.rf.326231c4f0c5a5db098153fb4a55a456.jpg,A35BY30TC8WCL4,Approved,161_web_02_jpg.rf.326231c4f0c5a5db098153fb4a55a456.jpg,A35BY30TC8WCL4,TP,5059,11,1161,158769
185_gsv_00_jpg.rf.1a923e04646031b95d92f9b2408e6d2c.jpg,A1IZ4NX41GKU4X,Approved,185_gsv_00_jpg.rf.1a923e04646031b95d92f9b2408e6d2c.jpg,A1IZ4NX41GKU4X,FN,0,0,116992,292608
185_gsv_00_jpg.rf.1a923e04646031b95d92f9b2408e6d2c.jpg,AORHXBTOCXFUK,Rejected,185_gsv_00_jpg.rf.1a923e04646031b95d92f9b2408e6d2c.jpg,AORHXBTOCXFUK,TP,113719,97307,3273,195301
185_gsv_00_jpg.rf.1a923e04646031b95d92f9b2408e6d2c.jpg,A234WZ4KX8IW07,Approved,185_gsv_00_jpg.rf.1a923e04646031b95d92f9b2408e6d2c.jpg,A234WZ4KX8IW07,TP,111488,4164,5504,288444
185_gsv_00_jpg.rf.1a923e04646031b95d92f9b2408e6d2c.jpg,A3AA5G6HENO6VJ,Approved,185_gsv_00_jpg.rf.1a923e04646031b95d92f9b2408e6d2c.jpg,A3AA5G6HENO6VJ,FN,0,0,116992,292608
185_gsv_00_jpg.rf.1a923e04646031b95d92f9b2408e6d2c.jpg,A272A0JGRTBFCR,Approved,185_gsv_00_jpg.rf.1a923e04646031b95d92f9b2408e6d2c.jpg,A272A0JGRTBFCR,TP,105805,59224,11187,233384
185_gsv_00_jpg.rf.1a923e04646031b95d92f9b2408e6d2c.jpg,A1YYDRHVY4LL8K,Approved,185_gsv_00_jpg.rf.1a923e04646031b95d92f9b2408e6d2c.jpg,A1YYDRHVY4LL8K,TP,116217,89836,775,202772
185_web_00_jpg.rf.40077f9172d1c660c50e41e3ebf5e9ca.jpg,A1IZ4NX41GKU4X,Approved,185_web_00_jpg.rf.40077f9172d1c660c50e41e3ebf5e9ca.jpg,A1IZ4NX41GKU4X,FN,0,0,60520,343000
185_web_00_jpg.rf.40077f9172d1c660c50e41e3ebf5e9ca.jpg,ABVM2KJ7CRNZ0,Approved,185_web_00_jpg.rf.40077f9172d1c660c50e41e3ebf5e9ca.jpg,ABVM2KJ7CRNZ0,TP,58635,3112,1885,339888
185_web_00_jpg.rf.40077f9172d1c660c50e41e3ebf5e9ca.jpg,A7V4CVENA0DYV,Approved,185_web_00_jpg.rf.40077f9172d1c660c50e41e3ebf5e9ca.jpg,A7V4CVENA0DYV,FN,0,0,60520,343000
185_web_00_jpg.rf.40077f9172d1c660c50e41e3ebf5e9ca.jpg,AORHXBTOCXFUK,Rejected,185_web_00_jpg.rf.40077f9172d1c660c50e41e3ebf5e9ca.jpg,AORHXBTOCXFUK,TP,60285,52130,235,290870
185_web_00_jpg.rf.40077f9172d1c660c50e41e3ebf5e9ca.jpg,A3AA5G6HENO6VJ,Approved,185_web_00_jpg.rf.40077f9172d1c660c50e41e3ebf5e9ca.jpg,A3AA5G6HENO6VJ,FN,0,0,60520,343000
185_web_00_jpg.rf.40077f9172d1c660c50e41e3ebf5e9ca.jpg,A272A0JGRTBFCR,Approved,185_web_00_jpg.rf.40077f9172d1c660c50e41e3ebf5e9ca.jpg,A272A0JGRTBFCR,FN,0,0,60520,343000
187_144238_009nopv_jpg.rf.b49266b65fa9a383697606dc1094bc47.jpg,A16DOX0X2E9XBI,Approved,187_144238_009nopv_jpg.rf.b49266b65fa9a383697606dc1094bc47.jpg,A16DOX0X2E9XBI,TN,0,0,0,409600
187_144238_009nopv_jpg.rf.b49266b65fa9a383697606dc1094bc47.jpg,A1IZ4NX41GKU4X,Approved,187_144238_009nopv_jpg.rf.b49266b65fa9a383697606dc1094bc47.jpg,A1IZ4NX41GKU4X,TN,0,0,0,409600
187_144238_009nopv_jpg.rf.b49266b65fa9a383697606dc1094bc47.jpg,A7V4CVENA0DYV,Approved,187_144238_009nopv_jpg.rf.b49266b65fa9a383697606dc1094bc47.jpg,A7V4CVENA0DYV,TN,0,0,0,409600
187_144238_009nopv_jpg.rf.b49266b65fa9a383697606dc1094bc47.jpg,A1XO6ONCCTBMKW,Approved,187_144238_009nopv_jpg.rf.b49266b65fa9a383697606dc1094bc47.jpg,A1XO6ONCCTBMKW,TN,0,0,0,409600
187_144238_009nopv_jpg.rf.b49266b65fa9a383697606dc1094bc47.jpg,A3AA5G6HENO6VJ,Approved,187_144238_009nopv_jpg.rf.b49266b65fa9a383697606dc1094bc47.jpg,A3AA5G6HENO6VJ,TN,0,0,0,409600
2_140058_141nopv_jpg.rf.73a67f48507fb3a9048d2a5876cee29c.jpg,A1IZ4NX41GKU4X,Approved,2_140058_141nopv_jpg.rf.73a67f48507fb3a9048d2a5876cee29c.jpg,A1IZ4NX41GKU4X,TN,0,0,0,409600
2_140058_141nopv_jpg.rf.73a67f48507fb3a9048d2a5876cee29c.jpg,A7V4CVENA0DYV,Approved,2_140058_141nopv_jpg.rf.73a67f48507fb3a9048d2a5876cee29c.jpg,A7V4CVENA0DYV,TN,0,0,0,409600
2_140058_141nopv_jpg.rf.73a67f48507fb3a9048d2a5876cee29c.jpg,A35BY30TC8WCL4,Approved,2_140058_141nopv_jpg.rf.73a67f48507fb3a9048d2a5876cee29c.jpg,A35BY30TC8WCL4,TN,0,0,0,409600
2_140058_141nopv_jpg.rf.73a67f48507fb3a9048d2a5876cee29c.jpg,A3AA5G6HENO6VJ,Approved,2_140058_141nopv_jpg.rf.73a67f48507fb3a9048d2a5876cee29c.jpg,A3AA5G6HENO6VJ,TN,0,0,0,409600
2_140058_141nopv_jpg.rf.73a67f48507fb3a9048d2a5876cee29c.jpg,A272A0JGRTBFCR,Approved,2_140058_141nopv_jpg.rf.73a67f48507fb3a9048d2a5876cee29c.jpg,A272A0JGRTBFCR,TN,0,0,0,409600
20_jpg.rf.1c673dee0dc2d314644a54d4b194044c.jpg,A1IZ4NX41GKU4X,Approved,20_jpg.rf.1c673dee0dc2d314644a54d4b194044c.jpg,A1IZ4NX41GKU4X,TN,0,0,0,1500000
20_jpg.rf.1c673dee0dc2d314644a54d4b194044c.jpg,A2EI075XZT9Y2S,Approved,20_jpg.rf.1c673dee0dc2d314644a54d4b194044c.jpg,A2EI075XZT9Y2S,TN,0,0,0,1500000
20_jpg.rf.1c673dee0dc2d314644a54d4b194044c.jpg,A1XO6ONCCTBMKW,Approved,20_jpg.rf.1c673dee0dc2d314644a54d4b194044c.jpg,A1XO6ONCCTBMKW,TN,0,0,0,1500000
20_jpg.rf.1c673dee0dc2d314644a54d4b194044c.jpg,ABVM2KJ7CRNZ0,Approved,20_jpg.rf.1c673dee0dc2d314644a54d4b194044c.jpg,ABVM2KJ7CRNZ0,FP,0,881328,0,618672
20_jpg.rf.1c673dee0dc2d314644a54d4b194044c.jpg,AORHXBTOCXFUK,Rejected,20_jpg.rf.1c673dee0dc2d314644a54d4b194044c.jpg,AORHXBTOCXFUK,FP,0,1189018,0,310982
20_jpg.rf.1c673dee0dc2d314644a54d4b194044c.jpg,A3AA5G6HENO6VJ,Approved,20_jpg.rf.1c673dee0dc2d314644a54d4b194044c.jpg,A3AA5G6HENO6VJ,TN,0,0,0,1500000
2024_174125_021nopv_jpg.rf.9da74b43799b5bff8a8603bf3e23efec.jpg,A1YYDRHVY4LL8K,Approved,2024_174125_021nopv_jpg.rf.9da74b43799b5bff8a8603bf3e23efec.jpg,A1YYDRHVY4LL8K,FP,0,992,0,408608
2024_174125_021nopv_jpg.rf.9da74b43799b5bff8a8603bf3e23efec.jpg,A2RVSBEHUCNC6K,Approved,2024_174125_021nopv_jpg.rf.9da74b43799b5bff8a8603bf3e23efec.jpg,A2RVSBEHUCNC6K,TN,0,0,0,409600
2024_174125_021nopv_jpg.rf.9da74b43799b5bff8a8603bf3e23efec.jpg,A1IZ4NX41GKU4X,Approved,2024_174125_021nopv_jpg.rf.9da74b43799b5bff8a8603bf3e23efec.jpg,A1IZ4NX41GKU4X,TN,0,0,0,409600
2024_174125_021nopv_jpg.rf.9da74b43799b5bff8a8603bf3e23efec.jpg,A35BY30TC8WCL4,Approved,2024_174125_021nopv_jpg.rf.9da74b43799b5bff8a8603bf3e23efec.jpg,A35BY30TC8WCL4,TN,0,0,0,409600
2024_174125_021nopv_jpg.rf.9da74b43799b5bff8a8603bf3e23efec.jpg,A2B6374OK8RXI9,Approved,2024_174125_021nopv_jpg.rf.9da74b43799b5bff8a8603bf3e23efec.jpg,A2B6374OK8RXI9,TN,0,0,0,409600
2034_174247_026nopv_jpg.rf.7fa0f3a5deb170a5e992fd1ca21f7107.jpg,A1IZ4NX41GKU4X,Approved,2034_174247_026nopv_jpg.rf.7fa0f3a5deb170a5e992fd1ca21f7107.jpg,A1IZ4NX41GKU4X,TN,0,0,0,409600
2034_174247_026nopv_jpg.rf.7fa0f3a5deb170a5e992fd1ca21f7107.jpg,A7V4CVENA0DYV,Approved,2034_174247_026nopv_jpg.rf.7fa0f3a5deb170a5e992fd1ca21f7107.jpg,A7V4CVENA0DYV,TN,0,0,0,409600
2034_174247_026nopv_jpg.rf.7fa0f3a5deb170a5e992fd1ca21f7107.jpg,ABVM2KJ7CRNZ0,Approved,2034_174247_026nopv_jpg.rf.7fa0f3a5deb170a5e992fd1ca21f7107.jpg,ABVM2KJ7CRNZ0,FP,0,7402,0,402198
2034_174247_026nopv_jpg.rf.7fa0f3a5deb170a5e992fd1ca21f7107.jpg,A272A0JGRTBFCR,Approved,2034_174247_026nopv_jpg.rf.7fa0f3a5deb170a5e992fd1ca21f7107.jpg,A272A0JGRTBFCR,TN,0,0,0,409600
2034_174247_026nopv_jpg.rf.7fa0f3a5deb170a5e992fd1ca21f7107.jpg,A2PYXFVGNJPPX0,Approved,2034_174247_026nopv_jpg.rf.7fa0f3a5deb170a5e992fd1ca21f7107.jpg,A2PYXFVGNJPPX0,TN,0,0,0,409600
210_web_00_jpg.rf.48dc7fa52c609dba8f8b836a32d14386.jpg,A1IZ4NX41GKU4X,Approved,210_web_00_jpg.rf.48dc7fa52c609dba8f8b836a32d14386.jpg,A1IZ4NX41GKU4X,FN,0,0,33536,225545
210_web_00_jpg.rf.48dc7fa52c609dba8f8b836a32d14386.jpg,AORHXBTOCXFUK,Rejected,210_web_00_jpg.rf.48dc7fa52c609dba8f8b836a32d14386.jpg,AORHXBTOCXFUK,TP,22974,156028,10562,69517
210_web_00_jpg.rf.48dc7fa52c609dba8f8b836a32d14386.jpg,A3AA5G6HENO6VJ,Approved,210_web_00_jpg.rf.48dc7fa52c609dba8f8b836a32d14386.jpg,A3AA5G6HENO6VJ,FN,0,0,33536,225545
210_web_00_jpg.rf.48dc7fa52c609dba8f8b836a32d14386.jpg,A3TUMZ954ORSUC,Approved,210_web_00_jpg.rf.48dc7fa52c609dba8f8b836a32d14386.jpg,A3TUMZ954ORSUC,FN,0,0,33536,225545
210_web_00_jpg.rf.48dc7fa52c609dba8f8b836a32d14386.jpg,A16X5FB3HAFCKN,Approved,210_web_00_jpg.rf.48dc7fa52c609dba8f8b836a32d14386.jpg,A16X5FB3HAFCKN,FN,0,0,33536,225545
210_web_00_jpg.rf.48dc7fa52c609dba8f8b836a32d14386.jpg,A2IRHCO3GWX449,Approved,210_web_00_jpg.rf.48dc7fa52c609dba8f8b836a32d14386.jpg,A2IRHCO3GWX449,FN,0,0,33536,225545
210_web_01_jpg.rf.98cf053f149af2afae9034ff58091268.jpg,A1IZ4NX41GKU4X,Approved,210_web_01_jpg.rf.98cf053f149af2afae9034ff58091268.jpg,A1IZ4NX41GKU4X,FN,0,0,258882,2198718
210_web_01_jpg.rf.98cf053f149af2afae9034ff58091268.jpg,A14W0AXTJ3R19V,Approved,210_web_01_jpg.rf.98cf053f149af2afae9034ff58091268.jpg,A14W0AXTJ3R19V,FN,0,0,258882,2198718
210_web_01_jpg.rf.98cf053f149af2afae9034ff58091268.jpg,A2EI075XZT9Y2S,Approved,210_web_01_jpg.rf.98cf053f149af2afae9034ff58091268.jpg,A2EI075XZT9Y2S,FN,0,0,258882,2198718
210_web_01_jpg.rf.98cf053f149af2afae9034ff58091268.jpg,A3AA5G6HENO6VJ,Approved,210_web_01_jpg.rf.98cf053f149af2afae9034ff58091268.jpg,A3AA5G6HENO6VJ,FN,0,0,258882,2198718
210_web_01_jpg.rf.98cf053f149af2afae9034ff58091268.jpg,A3TUMZ954ORSUC,Approved,210_web_01_jpg.rf.98cf053f149af2afae9034ff58091268.jpg,A3TUMZ954ORSUC,FN,0,0,258882,2198718
210_web_02_jpg.rf.f56794da9b92b9cffe4ac15f50c22e40.jpg,A1IZ4NX41GKU4X,Approved,210_web_02_jpg.rf.f56794da9b92b9cffe4ac15f50c22e40.jpg,A1IZ4NX41GKU4X,FN,0,0,24211,725789
210_web_02_jpg.rf.f56794da9b92b9cffe4ac15f50c22e40.jpg,A7V4CVENA0DYV,Approved,210_web_02_jpg.rf.f56794da9b92b9cffe4ac15f50c22e40.jpg,A7V4CVENA0DYV,FN,0,0,24211,725789
210_web_02_jpg.rf.f56794da9b92b9cffe4ac15f50c22e40.jpg,A234WZ4KX8IW07,Approved,210_web_02_jpg.rf.f56794da9b92b9cffe4ac15f50c22e40.jpg,A234WZ4KX8IW07,TP,24158,8958,53,716831
210_web_02_jpg.rf.f56794da9b92b9cffe4ac15f50c22e40.jpg,AORHXBTOCXFUK,Rejected,210_web_02_jpg.rf.f56794da9b92b9cffe4ac15f50c22e40.jpg,AORHXBTOCXFUK,TP,23380,170160,831,555629
210_web_02_jpg.rf.f56794da9b92b9cffe4ac15f50c22e40.jpg,A3AA5G6HENO6VJ,Approved,210_web_02_jpg.rf.f56794da9b92b9cffe4ac15f50c22e40.jpg,A3AA5G6HENO6VJ,FN,0,0,24211,725789
210_web_02_jpg.rf.f56794da9b92b9cffe4ac15f50c22e40.jpg,A16X5FB3HAFCKN,Approved,210_web_02_jpg.rf.f56794da9b92b9cffe4ac15f50c22e40.jpg,A16X5FB3HAFCKN,FN,0,0,24211,725789
2102_2365002_037nopv_jpg.rf.2a9344072bd355354e18e8598ccdc5cc.jpg,A1IZ4NX41GKU4X,Approved,2102_2365002_037nopv_jpg.rf.2a9344072bd355354e18e8598ccdc5cc.jpg,A1IZ4NX41GKU4X,TN,0,0,0,409600
2102_2365002_037nopv_jpg.rf.2a9344072bd355354e18e8598ccdc5cc.jpg,A7V4CVENA0DYV,Approved,2102_2365002_037nopv_jpg.rf.2a9344072bd355354e18e8598ccdc5cc.jpg,A7V4CVENA0DYV,TN,0,0,0,409600
2102_2365002_037nopv_jpg.rf.2a9344072bd355354e18e8598ccdc5cc.jpg,A35BY30TC8WCL4,Approved,2102_2365002_037nopv_jpg.rf.2a9344072bd355354e18e8598ccdc5cc.jpg,A35BY30TC8WCL4,TN,0,0,0,409600
2102_2365002_037nopv_jpg.rf.2a9344072bd355354e18e8598ccdc5cc.jpg,A2EI075XZT9Y2S,Approved,2102_2365002_037nopv_jpg.rf.2a9344072bd355354e18e8598ccdc5cc.jpg,A2EI075XZT9Y2S,TN,0,0,0,409600
2102_2365002_037nopv_jpg.rf.2a9344072bd355354e18e8598ccdc5cc.jpg,A1XO6ONCCTBMKW,Approved,2102_2365002_037nopv_jpg.rf.2a9344072bd355354e18e8598ccdc5cc.jpg,A1XO6ONCCTBMKW,FP,0,96999,0,312601
2129_2365963_047nopv_jpg.rf.39abe3e7ce556a218b82d6810869dfa8.jpg,A3AA5G6HENO6VJ,Approved,2129_2365963_047nopv_jpg.rf.39abe3e7ce556a218b82d6810869dfa8.jpg,A3AA5G6HENO6VJ,TN,0,0,0,409600
2129_2365963_047nopv_jpg.rf.39abe3e7ce556a218b82d6810869dfa8.jpg,A1IZ4NX41GKU4X,Approved,2129_2365963_047nopv_jpg.rf.39abe3e7ce556a218b82d6810869dfa8.jpg,A1IZ4NX41GKU4X,TN,0,0,0,409600
2129_2365963_047nopv_jpg.rf.39abe3e7ce556a218b82d6810869dfa8.jpg,A7V4CVENA0DYV,Approved,2129_2365963_047nopv_jpg.rf.39abe3e7ce556a218b82d6810869dfa8.jpg,A7V4CVENA0DYV,TN,0,0,0,409600
2129_2365963_047nopv_jpg.rf.39abe3e7ce556a218b82d6810869dfa8.jpg,A2EI075XZT9Y2S,Approved,2129_2365963_047nopv_jpg.rf.39abe3e7ce556a218b82d6810869dfa8.jpg,A2EI075XZT9Y2S,TN,0,0,0,409600
2129_2365963_047nopv_jpg.rf.39abe3e7ce556a218b82d6810869dfa8.jpg,A2B6374OK8RXI9,Approved,2129_2365963_047nopv_jpg.rf.39abe3e7ce556a218b82d6810869dfa8.jpg,A2B6374OK8RXI9,TN,0,0,0,409600
2188_2369470_066nopv_jpg.rf.9b105c4f880c353d6857655f4bbfaca7.jpg,A1IZ4NX41GKU4X,Approved,2188_2369470_066nopv_jpg.rf.9b105c4f880c353d6857655f4bbfaca7.jpg,A1IZ4NX41GKU4X,TN,0,0,0,409600
2188_2369470_066nopv_jpg.rf.9b105c4f880c353d6857655f4bbfaca7.jpg,A7V4CVENA0DYV,Approved,2188_2369470_066nopv_jpg.rf.9b105c4f880c353d6857655f4bbfaca7.jpg,A7V4CVENA0DYV,TN,0,0,0,409600
2188_2369470_066nopv_jpg.rf.9b105c4f880c353d6857655f4bbfaca7.jpg,A5LYLHG880ABE,Approved,2188_2369470_066nopv_jpg.rf.9b105c4f880c353d6857655f4bbfaca7.jpg,A5LYLHG880ABE,TN,0,0,0,409600
2188_2369470_066nopv_jpg.rf.9b105c4f880c353d6857655f4bbfaca7.jpg,A2EI075XZT9Y2S,Approved,2188_2369470_066nopv_jpg.rf.9b105c4f880c353d6857655f4bbfaca7.jpg,A2EI075XZT9Y2S,TN,0,0,0,409600
2188_2369470_066nopv_jpg.rf.9b105c4f880c353d6857655f4bbfaca7.jpg,AORHXBTOCXFUK,Rejected,2188_2369470_066nopv_jpg.rf.9b105c4f880c353d6857655f4bbfaca7.jpg,AORHXBTOCXFUK,FP,0,79491,0,330109
2188_2369470_066nopv_jpg.rf.9b105c4f880c353d6857655f4bbfaca7.jpg,A3AA5G6HENO6VJ,Approved,2188_2369470_066nopv_jpg.rf.9b105c4f880c353d6857655f4bbfaca7.jpg,A3AA5G6HENO6VJ,TN,0,0,0,409600
2217_2370864_075nopv_jpg.rf.4636d48c31413a6db0ae2a630de6c313.jpg,A1IZ4NX41GKU4X,Approved,2217_2370864_075nopv_jpg.rf.4636d48c31413a6db0ae2a630de6c313.jpg,A1IZ4NX41GKU4X,TN,0,0,0,409600
2217_2370864_075nopv_jpg.rf.4636d48c31413a6db0ae2a630de6c313.jpg,A7V4CVENA0DYV,Approved,2217_2370864_075nopv_jpg.rf.4636d48c31413a6db0ae2a630de6c313.jpg,A7V4CVENA0DYV,TN,0,0,0,409600
2217_2370864_075nopv_jpg.rf.4636d48c31413a6db0ae2a630de6c313.jpg,A35BY30TC8WCL4,Approved,2217_2370864_075nopv_jpg.rf.4636d48c31413a6db0ae2a630de6c313.jpg,A35BY30TC8WCL4,TN,0,0,0,409600
2217_2370864_075nopv_jpg.rf.4636d48c31413a6db0ae2a630de6c313.jpg,A2EI075XZT9Y2S,Approved,2217_2370864_075nopv_jpg.rf.4636d48c31413a6db0ae2a630de6c313.jpg,A2EI075XZT9Y2S,TN,0,0,0,409600
2217_2370864_075nopv_jpg.rf.4636d48c31413a6db0ae2a630de6c313.jpg,A3AA5G6HENO6VJ,Approved,2217_2370864_075nopv_jpg.rf.4636d48c31413a6db0ae2a630de6c313.jpg,A3AA5G6HENO6VJ,TN,0,0,0,409600
2226_2371080_076nopv_jpg.rf.9006cef2360ba44e6e9aec18a4740dfb.jpg,A1IZ4NX41GKU4X,Approved,2226_2371080_076nopv_jpg.rf.9006cef2360ba44e6e9aec18a4740dfb.jpg,A1IZ4NX41GKU4X,TN,0,0,0,409600
2226_2371080_076nopv_jpg.rf.9006cef2360ba44e6e9aec18a4740dfb.jpg,A7V4CVENA0DYV,Approved,2226_2371080_076nopv_jpg.rf.9006cef2360ba44e6e9aec18a4740dfb.jpg,A7V4CVENA0DYV,TN,0,0,0,409600
2226_2371080_076nopv_jpg.rf.9006cef2360ba44e6e9aec18a4740dfb.jpg,A35BY30TC8WCL4,Approved,2226_2371080_076nopv_jpg.rf.9006cef2360ba44e6e9aec18a4740dfb.jpg,A35BY30TC8WCL4,TN,0,0,0,409600
2226_2371080_076nopv_jpg.rf.9006cef2360ba44e6e9aec18a4740dfb.jpg,A1XO6ONCCTBMKW,Approved,2226_2371080_076nopv_jpg.rf.9006cef2360ba44e6e9aec18a4740dfb.jpg,A1XO6ONCCTBMKW,TN,0,0,0,409600
2226_2371080_076nopv_jpg.rf.9006cef2360ba44e6e9aec18a4740dfb.jpg,AORHXBTOCXFUK,Rejected,2226_2371080_076nopv_jpg.rf.9006cef2360ba44e6e9aec18a4740dfb.jpg,AORHXBTOCXFUK,FP,0,122277,0,287323
2226_2371080_076nopv_jpg.rf.9006cef2360ba44e6e9aec18a4740dfb.jpg,A3AA5G6HENO6VJ,Approved,2226_2371080_076nopv_jpg.rf.9006cef2360ba44e6e9aec18a4740dfb.jpg,A3AA5G6HENO6VJ,TN,0,0,0,409600
223_web_00_jpg.rf.ebb51d7919481a6811fa31c3ef8f7a10.jpg,A3QZMGTVA4VO44,Approved,223_web_00_jpg.rf.ebb51d7919481a6811fa31c3ef8f7a10.jpg,A3QZMGTVA4VO44,TP,0,7878,22408,69688
223_web_00_jpg.rf.ebb51d7919481a6811fa31c3ef8f7a10.jpg,A272A0JGRTBFCR,Approved,223_web_00_jpg.rf.ebb51d7919481a6811fa31c3ef8f7a10.jpg,A272A0JGRTBFCR,TP,21627,7649,781,69917
223_web_00_jpg.rf.ebb51d7919481a6811fa31c3ef8f7a10.jpg,A7V4CVENA0DYV,Approved,223_web_00_jpg.rf.ebb51d7919481a6811fa31c3ef8f7a10.jpg,A7V4CVENA0DYV,TP,19136,789,3272,76777
223_web_00_jpg.rf.ebb51d7919481a6811fa31c3ef8f7a10.jpg,A14W0AXTJ3R19V,Approved,223_web_00_jpg.rf.ebb51d7919481a6811fa31c3ef8f7a10.jpg,A14W0AXTJ3R19V,FN,0,0,22408,77566
223_web_00_jpg.rf.ebb51d7919481a6811fa31c3ef8f7a10.jpg,A234WZ4KX8IW07,Approved,223_web_00_jpg.rf.ebb51d7919481a6811fa31c3ef8f7a10.jpg,A234WZ4KX8IW07,TP,21872,6062,536,71504
2286_2373097_095nopv_jpg.rf.961e8c9f87e4d43ce6dcfbb80e2bf0e4.jpg,A1IZ4NX41GKU4X,Approved,2286_2373097_095nopv_jpg.rf.961e8c9f87e4d43ce6dcfbb80e2bf0e4.jpg,A1IZ4NX41GKU4X,TN,0,0,0,409600
2286_2373097_095nopv_jpg.rf.961e8c9f87e4d43ce6dcfbb80e2bf0e4.jpg,A7V4CVENA0DYV,Approved,2286_2373097_095nopv_jpg.rf.961e8c9f87e4d43ce6dcfbb80e2bf0e4.jpg,A7V4CVENA0DYV,TN,0,0,0,409600
2286_2373097_095nopv_jpg.rf.961e8c9f87e4d43ce6dcfbb80e2bf0e4.jpg,A1XO6ONCCTBMKW,Approved,2286_2373097_095nopv_jpg.rf.961e8c9f87e4d43ce6dcfbb80e2bf0e4.jpg,A1XO6ONCCTBMKW,TN,0,0,0,409600
2286_2373097_095nopv_jpg.rf.961e8c9f87e4d43ce6dcfbb80e2bf0e4.jpg,ABVM2KJ7CRNZ0,Approved,2286_2373097_095nopv_jpg.rf.961e8c9f87e4d43ce6dcfbb80e2bf0e4.jpg,ABVM2KJ7CRNZ0,FP,0,6774,0,402826
2286_2373097_095nopv_jpg.rf.961e8c9f87e4d43ce6dcfbb80e2bf0e4.jpg,A3AA5G6HENO6VJ,Approved,2286_2373097_095nopv_jpg.rf.961e8c9f87e4d43ce6dcfbb80e2bf0e4.jpg,A3AA5G6HENO6VJ,TN,0,0,0,409600
233_145502_104nopv_jpg.rf.6272b312b8f92ffdd52daee2509a01e9.jpg,A3GXSHLBND9E92,Approved,233_145502_104nopv_jpg.rf.6272b312b8f92ffdd52daee2509a01e9.jpg,A3GXSHLBND9E92,TN,0,0,0,409600
233_145502_104nopv_jpg.rf.6272b312b8f92ffdd52daee2509a01e9.jpg,A1IZ4NX41GKU4X,Approved,233_145502_104nopv_jpg.rf.6272b312b8f92ffdd52daee2509a01e9.jpg,A1IZ4NX41GKU4X,TN,0,0,0,409600
233_145502_104nopv_jpg.rf.6272b312b8f92ffdd52daee2509a01e9.jpg,A35BY30TC8WCL4,Approved,233_145502_104nopv_jpg.rf.6272b312b8f92ffdd52daee2509a01e9.jpg,A35BY30TC8WCL4,TN,0,0,0,409600
233_145502_104nopv_jpg.rf.6272b312b8f92ffdd52daee2509a01e9.jpg,A3AA5G6HENO6VJ,Approved,233_145502_104nopv_jpg.rf.6272b312b8f92ffdd52daee2509a01e9.jpg,A3AA5G6HENO6VJ,TN,0,0,0,409600
233_145502_104nopv_jpg.rf.6272b312b8f92ffdd52daee2509a01e9.jpg,A272A0JGRTBFCR,Approved,233_145502_104nopv_jpg.rf.6272b312b8f92ffdd52daee2509a01e9.jpg,A272A0JGRTBFCR,TN,0,0,0,409600
2359_2373584_106nopv_jpg.rf.fc687aab861dae88f753c64b35122e37.jpg,A1IZ4NX41GKU4X,Approved,2359_2373584_106nopv_jpg.rf.fc687aab861dae88f753c64b35122e37.jpg,A1IZ4NX41GKU4X,TN,0,0,0,409600
2359_2373584_106nopv_jpg.rf.fc687aab861dae88f753c64b35122e37.jpg,AVWU9JDY5G81E,Approved,2359_2373584_106nopv_jpg.rf.fc687aab861dae88f753c64b35122e37.jpg,AVWU9JDY5G81E,TN,0,0,0,409600
2359_2373584_106nopv_jpg.rf.fc687aab861dae88f753c64b35122e37.jpg,A7V4CVENA0DYV,Approved,2359_2373584_106nopv_jpg.rf.fc687aab861dae88f753c64b35122e37.jpg,A7V4CVENA0DYV,TN,0,0,0,409600
2359_2373584_106nopv_jpg.rf.fc687aab861dae88f753c64b35122e37.jpg,A5LYLHG880ABE,Approved,2359_2373584_106nopv_jpg.rf.fc687aab861dae88f753c64b35122e37.jpg,A5LYLHG880ABE,TN,0,0,0,409600
2359_2373584_106nopv_jpg.rf.fc687aab861dae88f753c64b35122e37.jpg,A2EI075XZT9Y2S,Approved,2359_2373584_106nopv_jpg.rf.fc687aab861dae88f753c64b35122e37.jpg,A2EI075XZT9Y2S,TN,0,0,0,409600
237_web_00_jpg.rf.16a46afdbe362185acc2763fe1bae8e1.jpg,A3AA5G6HENO6VJ,Approved,237_web_00_jpg.rf.16a46afdbe362185acc2763fe1bae8e1.jpg,A3AA5G6HENO6VJ,FN,0,0,342063,2115537
237_web_00_jpg.rf.16a46afdbe362185acc2763fe1bae8e1.jpg,A1YYDRHVY4LL8K,Approved,237_web_00_jpg.rf.16a46afdbe362185acc2763fe1bae8e1.jpg,A1YYDRHVY4LL8K,FN,0,0,342063,2115537
237_web_00_jpg.rf.16a46afdbe362185acc2763fe1bae8e1.jpg,A1IZ4NX41GKU4X,Approved,237_web_00_jpg.rf.16a46afdbe362185acc2763fe1bae8e1.jpg,A1IZ4NX41GKU4X,TP,96314,22736,245749,2092801
237_web_00_jpg.rf.16a46afdbe362185acc2763fe1bae8e1.jpg,A3QZMGTVA4VO44,Approved,237_web_00_jpg.rf.16a46afdbe362185acc2763fe1bae8e1.jpg,A3QZMGTVA4VO44,TP,94734,5093,247329,2110444
237_web_00_jpg.rf.16a46afdbe362185acc2763fe1bae8e1.jpg,A2EI075XZT9Y2S,Approved,237_web_00_jpg.rf.16a46afdbe362185acc2763fe1bae8e1.jpg,A2EI075XZT9Y2S,FN,0,0,342063,2115537
237_web_01_jpg.rf.a334823a7ec7668de210f04b3c97d50d.jpg,A1IZ4NX41GKU4X,Approved,237_web_01_jpg.rf.a334823a7ec7668de210f04b3c97d50d.jpg,A1IZ4NX41GKU4X,FN,0,0,235456,2222144
237_web_01_jpg.rf.a334823a7ec7668de210f04b3c97d50d.jpg,A7V4CVENA0DYV,Approved,237_web_01_jpg.rf.a334823a7ec7668de210f04b3c97d50d.jpg,A7V4CVENA0DYV,FN,0,0,235456,2222144
237_web_01_jpg.rf.a334823a7ec7668de210f04b3c97d50d.jpg,A3AA5G6HENO6VJ,Approved,237_web_01_jpg.rf.a334823a7ec7668de210f04b3c97d50d.jpg,A3AA5G6HENO6VJ,FN,0,0,235456,2222144
237_web_01_jpg.rf.a334823a7ec7668de210f04b3c97d50d.jpg,A272A0JGRTBFCR,Approved,237_web_01_jpg.rf.a334823a7ec7668de210f04b3c97d50d.jpg,A272A0JGRTBFCR,TP,225367,49934,10089,2172210
237_web_01_jpg.rf.a334823a7ec7668de210f04b3c97d50d.jpg,A3TUMZ954ORSUC,Approved,237_web_01_jpg.rf.a334823a7ec7668de210f04b3c97d50d.jpg,A3TUMZ954ORSUC,TP,233201,51270,2255,2170874
238_gsv_00_jpg.rf.1079a3ecaa9c1654aa573327217d05cc.jpg,A3QZMGTVA4VO44,Approved,238_gsv_00_jpg.rf.1079a3ecaa9c1654aa573327217d05cc.jpg,A3QZMGTVA4VO44,TP,23161,4120,4242,378077
238_gsv_00_jpg.rf.1079a3ecaa9c1654aa573327217d05cc.jpg,A1IZ4NX41GKU4X,Approved,238_gsv_00_jpg.rf.1079a3ecaa9c1654aa573327217d05cc.jpg,A1IZ4NX41GKU4X,FN,0,0,27403,382197
238_gsv_00_jpg.rf.1079a3ecaa9c1654aa573327217d05cc.jpg,A7V4CVENA0DYV,Approved,238_gsv_00_jpg.rf.1079a3ecaa9c1654aa573327217d05cc.jpg,A7V4CVENA0DYV,FN,0,0,27403,382197
238_gsv_00_jpg.rf.1079a3ecaa9c1654aa573327217d05cc.jpg,A10NF5TK6IFNX6,Approved,238_gsv_00_jpg.rf.1079a3ecaa9c1654aa573327217d05cc.jpg,A10NF5TK6IFNX6,TP,0,651,27403,381546
238_gsv_00_jpg.rf.1079a3ecaa9c1654aa573327217d05cc.jpg,A1XO6ONCCTBMKW,Approved,238_gsv_00_jpg.rf.1079a3ecaa9c1654aa573327217d05cc.jpg,A1XO6ONCCTBMKW,TP,23354,3245,4049,378952
2389_2373645_113nopv_jpg.rf.051e3662da298b6ba91f0c46645215c4.jpg,A1IZ4NX41GKU4X,Approved,2389_2373645_113nopv_jpg.rf.051e3662da298b6ba91f0c46645215c4.jpg,A1IZ4NX41GKU4X,TN,0,0,0,409600
2389_2373645_113nopv_jpg.rf.051e3662da298b6ba91f0c46645215c4.jpg,A35BY30TC8WCL4,Approved,2389_2373645_113nopv_jpg.rf.051e3662da298b6ba91f0c46645215c4.jpg,A35BY30TC8WCL4,TN,0,0,0,409600
2389_2373645_113nopv_jpg.rf.051e3662da298b6ba91f0c46645215c4.jpg,A7V4CVENA0DYV,Approved,2389_2373645_113nopv_jpg.rf.051e3662da298b6ba91f0c46645215c4.jpg,A7V4CVENA0DYV,TN,0,0,0,409600
2389_2373645_113nopv_jpg.rf.051e3662da298b6ba91f0c46645215c4.jpg,A2EI075XZT9Y2S,Approved,2389_2373645_113nopv_jpg.rf.051e3662da298b6ba91f0c46645215c4.jpg,A2EI075XZT9Y2S,TN,0,0,0,409600
2389_2373645_113nopv_jpg.rf.051e3662da298b6ba91f0c46645215c4.jpg,A3AA5G6HENO6VJ,Approved,2389_2373645_113nopv_jpg.rf.051e3662da298b6ba91f0c46645215c4.jpg,A3AA5G6HENO6VJ,TN,0,0,0,409600
24_jpg.rf.6395eabb21a76bd4e8847ffe81b4f176.jpg,A1IZ4NX41GKU4X,Approved,24_jpg.rf.6395eabb21a76bd4e8847ffe81b4f176.jpg,A1IZ4NX41GKU4X,TN,0,0,0,1513000
24_jpg.rf.6395eabb21a76bd4e8847ffe81b4f176.jpg,A3TUMZ954ORSUC,Approved,24_jpg.rf.6395eabb21a76bd4e8847ffe81b4f176.jpg,A3TUMZ954ORSUC,FP,0,124556,0,1388444
24_jpg.rf.6395eabb21a76bd4e8847ffe81b4f176.jpg,A2EI075XZT9Y2S,Approved,24_jpg.rf.6395eabb21a76bd4e8847ffe81b4f176.jpg,A2EI075XZT9Y2S,TN,0,0,0,1513000
24_jpg.rf.6395eabb21a76bd4e8847ffe81b4f176.jpg,AORHXBTOCXFUK,Rejected,24_jpg.rf.6395eabb21a76bd4e8847ffe81b4f176.jpg,AORHXBTOCXFUK,FP,0,821271,0,691729
24_jpg.rf.6395eabb21a76bd4e8847ffe81b4f176.jpg,A3AA5G6HENO6VJ,Approved,24_jpg.rf.6395eabb21a76bd4e8847ffe81b4f176.jpg,A3AA5G6HENO6VJ,TN,0,0,0,1513000
24_jpg.rf.6395eabb21a76bd4e8847ffe81b4f176.jpg,A16X5FB3HAFCKN,Approved,24_jpg.rf.6395eabb21a76bd4e8847ffe81b4f176.jpg,A16X5FB3HAFCKN,FP,0,126318,0,1386682
240_web_00_jpg.rf.1542f348feb079b0da2c1e2634d2be4b.jpg,A1IZ4NX41GKU4X,Approved,240_web_00_jpg.rf.1542f348feb079b0da2c1e2634d2be4b.jpg,A1IZ4NX41GKU4X,FN,0,0,19068,39496
240_web_00_jpg.rf.1542f348feb079b0da2c1e2634d2be4b.jpg,A2D7SD76AM3Y9C,Approved,240_web_00_jpg.rf.1542f348feb079b0da2c1e2634d2be4b.jpg,A2D7SD76AM3Y9C,FN,0,0,19068,39496
240_web_00_jpg.rf.1542f348feb079b0da2c1e2634d2be4b.jpg,A272A0JGRTBFCR,Approved,240_web_00_jpg.rf.1542f348feb079b0da2c1e2634d2be4b.jpg,A272A0JGRTBFCR,TP,14620,3674,4448,35822
240_web_00_jpg.rf.1542f348feb079b0da2c1e2634d2be4b.jpg,A7V4CVENA0DYV,Approved,240_web_00_jpg.rf.1542f348feb079b0da2c1e2634d2be4b.jpg,A7V4CVENA0DYV,FN,0,0,19068,39496
240_web_00_jpg.rf.1542f348feb079b0da2c1e2634d2be4b.jpg,A2EI075XZT9Y2S,Approved,240_web_00_jpg.rf.1542f348feb079b0da2c1e2634d2be4b.jpg,A2EI075XZT9Y2S,FN,0,0,19068,39496
240_web_01_jpg.rf.f5f0d78ac430efe7e349ee214b16a471.jpg,A3AA5G6HENO6VJ,Approved,240_web_01_jpg.rf.f5f0d78ac430efe7e349ee214b16a471.jpg,A3AA5G6HENO6VJ,FN,0,0,137280,462720
240_web_01_jpg.rf.f5f0d78ac430efe7e349ee214b16a471.jpg,A1IZ4NX41GKU4X,Approved,240_web_01_jpg.rf.f5f0d78ac430efe7e349ee214b16a471.jpg,A1IZ4NX41GKU4X,FN,0,0,137280,462720
240_web_01_jpg.rf.f5f0d78ac430efe7e349ee214b16a471.jpg,ABVM2KJ7CRNZ0,Approved,240_web_01_jpg.rf.f5f0d78ac430efe7e349ee214b16a471.jpg,ABVM2KJ7CRNZ0,TP,136699,3832,581,458888
240_web_01_jpg.rf.f5f0d78ac430efe7e349ee214b16a471.jpg,A272A0JGRTBFCR,Approved,240_web_01_jpg.rf.f5f0d78ac430efe7e349ee214b16a471.jpg,A272A0JGRTBFCR,TP,135754,32484,1526,430236
240_web_01_jpg.rf.f5f0d78ac430efe7e349ee214b16a471.jpg,A7V4CVENA0DYV,Approved,240_web_01_jpg.rf.f5f0d78ac430efe7e349ee214b16a471.jpg,A7V4CVENA0DYV,FN,0,0,137280,462720
254_gsv_00_jpg.rf.0f3a80ad8bd63490f36c2e3a53377a22.jpg,A1YYDRHVY4LL8K,Approved,254_gsv_00_jpg.rf.0f3a80ad8bd63490f36c2e3a53377a22.jpg,A1YYDRHVY4LL8K,TP,24191,1204,69852,314353
254_gsv_00_jpg.rf.0f3a80ad8bd63490f36c2e3a53377a22.jpg,A1IZ4NX41GKU4X,Approved,254_gsv_00_jpg.rf.0f3a80ad8bd63490f36c2e3a53377a22.jpg,A1IZ4NX41GKU4X,FN,0,0,94043,315557
254_gsv_00_jpg.rf.0f3a80ad8bd63490f36c2e3a53377a22.jpg,A3N5RTXKN4I723,Approved,254_gsv_00_jpg.rf.0f3a80ad8bd63490f36c2e3a53377a22.jpg,A3N5RTXKN4I723,TP,92903,3437,1140,312120
254_gsv_00_jpg.rf.0f3a80ad8bd63490f36c2e3a53377a22.jpg,A3TUMZ954ORSUC,Approved,254_gsv_00_jpg.rf.0f3a80ad8bd63490f36c2e3a53377a22.jpg,A3TUMZ954ORSUC,TP,93977,19586,66,295971
254_gsv_00_jpg.rf.0f3a80ad8bd63490f36c2e3a53377a22.jpg,A3QZMGTVA4VO44,Approved,254_gsv_00_jpg.rf.0f3a80ad8bd63490f36c2e3a53377a22.jpg,A3QZMGTVA4VO44,TP,93943,3387,100,312170
263_gsv_00_jpg.rf.b71a76a1b18442b89148d63c559002f1.jpg,A234WZ4KX8IW07,Approved,263_gsv_00_jpg.rf.b71a76a1b18442b89148d63c559002f1.jpg,A234WZ4KX8IW07,TP,24482,4101,21,380996
263_gsv_00_jpg.rf.b71a76a1b18442b89148d63c559002f1.jpg,A7V4CVENA0DYV,Approved,263_gsv_00_jpg.rf.b71a76a1b18442b89148d63c559002f1.jpg,A7V4CVENA0DYV,FN,0,0,24503,385097
263_gsv_00_jpg.rf.b71a76a1b18442b89148d63c559002f1.jpg,A3AA5G6HENO6VJ,Approved,263_gsv_00_jpg.rf.b71a76a1b18442b89148d63c559002f1.jpg,A3AA5G6HENO6VJ,FN,0,0,24503,385097
263_gsv_00_jpg.rf.b71a76a1b18442b89148d63c559002f1.jpg,A3TUMZ954ORSUC,Approved,263_gsv_00_jpg.rf.b71a76a1b18442b89148d63c559002f1.jpg,A3TUMZ954ORSUC,FN,0,0,24503,385097
263_gsv_00_jpg.rf.b71a76a1b18442b89148d63c559002f1.jpg,A16X5FB3HAFCKN,Approved,263_gsv_00_jpg.rf.b71a76a1b18442b89148d63c559002f1.jpg,A16X5FB3HAFCKN,FN,0,0,24503,385097
263_web_02_jpg.rf.27c8b5e988472de8eb06b7624f0bbb8c.jpg,A272A0JGRTBFCR,Approved,263_web_02_jpg.rf.27c8b5e988472de8eb06b7624f0bbb8c.jpg,A272A0JGRTBFCR,TP,21229,1846,2888,132837
263_web_02_jpg.rf.27c8b5e988472de8eb06b7624f0bbb8c.jpg,A1E6RS45GUAFC3,Approved,263_web_02_jpg.rf.27c8b5e988472de8eb06b7624f0bbb8c.jpg,A1E6RS45GUAFC3,TP,23624,10621,493,124062
263_web_02_jpg.rf.27c8b5e988472de8eb06b7624f0bbb8c.jpg,A234WZ4KX8IW07,Approved,263_web_02_jpg.rf.27c8b5e988472de8eb06b7624f0bbb8c.jpg,A234WZ4KX8IW07,TP,23477,3607,640,131076
263_web_02_jpg.rf.27c8b5e988472de8eb06b7624f0bbb8c.jpg,AORHXBTOCXFUK,Rejected,263_web_02_jpg.rf.27c8b5e988472de8eb06b7624f0bbb8c.jpg,AORHXBTOCXFUK,TP,24117,44776,0,89907
263_web_02_jpg.rf.27c8b5e988472de8eb06b7624f0bbb8c.jpg,A2PYXFVGNJPPX0,Approved,263_web_02_jpg.rf.27c8b5e988472de8eb06b7624f0bbb8c.jpg,A2PYXFVGNJPPX0,TP,23315,13799,802,120884
263_web_02_jpg.rf.27c8b5e988472de8eb06b7624f0bbb8c.jpg,A16X5FB3HAFCKN,Approved,263_web_02_jpg.rf.27c8b5e988472de8eb06b7624f0bbb8c.jpg,A16X5FB3HAFCKN,TP,23910,11158,207,123525
271_web_01_jpg.rf.52ca19775f84c130ee911bd86e604de1.jpg,A3QZMGTVA4VO44,Approved,271_web_01_jpg.rf.52ca19775f84c130ee911bd86e604de1.jpg,A3QZMGTVA4VO44,TP,116055,2947,25935,588143
271_web_01_jpg.rf.52ca19775f84c130ee911bd86e604de1.jpg,ABVM2KJ7CRNZ0,Approved,271_web_01_jpg.rf.52ca19775f84c130ee911bd86e604de1.jpg,ABVM2KJ7CRNZ0,TP,121011,9861,20979,581229
271_web_01_jpg.rf.52ca19775f84c130ee911bd86e604de1.jpg,A234WZ4KX8IW07,Approved,271_web_01_jpg.rf.52ca19775f84c130ee911bd86e604de1.jpg,A234WZ4KX8IW07,TP,121114,12536,20876,578554
271_web_01_jpg.rf.52ca19775f84c130ee911bd86e604de1.jpg,A3AA5G6HENO6VJ,Approved,271_web_01_jpg.rf.52ca19775f84c130ee911bd86e604de1.jpg,A3AA5G6HENO6VJ,FN,0,0,141990,591090
271_web_01_jpg.rf.52ca19775f84c130ee911bd86e604de1.jpg,A272A0JGRTBFCR,Approved,271_web_01_jpg.rf.52ca19775f84c130ee911bd86e604de1.jpg,A272A0JGRTBFCR,TP,116928,10448,25062,580642
271_web_02_jpg.rf.0cd9f533b758985329a52f6c9ed69760.jpg,A16DOX0X2E9XBI,Approved,271_web_02_jpg.rf.0cd9f533b758985329a52f6c9ed69760.jpg,A16DOX0X2E9XBI,FN,0,0,409072,1531688
271_web_02_jpg.rf.0cd9f533b758985329a52f6c9ed69760.jpg,A1IZ4NX41GKU4X,Approved,271_web_02_jpg.rf.0cd9f533b758985329a52f6c9ed69760.jpg,A1IZ4NX41GKU4X,FN,0,0,409072,1531688
271_web_02_jpg.rf.0cd9f533b758985329a52f6c9ed69760.jpg,A3QZMGTVA4VO44,Approved,271_web_02_jpg.rf.0cd9f533b758985329a52f6c9ed69760.jpg,A3QZMGTVA4VO44,TP,408081,16009,991,1515679
271_web_02_jpg.rf.0cd9f533b758985329a52f6c9ed69760.jpg,A234WZ4KX8IW07,Approved,271_web_02_jpg.rf.0cd9f533b758985329a52f6c9ed69760.jpg,A234WZ4KX8IW07,TP,408555,16967,517,1514721
271_web_02_jpg.rf.0cd9f533b758985329a52f6c9ed69760.jpg,AORHXBTOCXFUK,Rejected,271_web_02_jpg.rf.0cd9f533b758985329a52f6c9ed69760.jpg,AORHXBTOCXFUK,TP,408865,234204,207,1297484
271_web_02_jpg.rf.0cd9f533b758985329a52f6c9ed69760.jpg,A272A0JGRTBFCR,Approved,271_web_02_jpg.rf.0cd9f533b758985329a52f6c9ed69760.jpg,A272A0JGRTBFCR,TP,406217,12031,2855,1519657
271_web_03_jpg.rf.1889ef85b055cf16cb8eb1570c04f922.jpg,A3QZMGTVA4VO44,Approved,271_web_03_jpg.rf.1889ef85b055cf16cb8eb1570c04f922.jpg,A3QZMGTVA4VO44,TP,221666,13104,2097,1943493
271_web_03_jpg.rf.1889ef85b055cf16cb8eb1570c04f922.jpg,A1IZ4NX41GKU4X,Approved,271_web_03_jpg.rf.1889ef85b055cf16cb8eb1570c04f922.jpg,A1IZ4NX41GKU4X,FN,0,0,223763,1956597
271_web_03_jpg.rf.1889ef85b055cf16cb8eb1570c04f922.jpg,A272A0JGRTBFCR,Approved,271_web_03_jpg.rf.1889ef85b055cf16cb8eb1570c04f922.jpg,A272A0JGRTBFCR,TP,216343,17247,7420,1939350
271_web_03_jpg.rf.1889ef85b055cf16cb8eb1570c04f922.jpg,A7V4CVENA0DYV,Approved,271_web_03_jpg.rf.1889ef85b055cf16cb8eb1570c04f922.jpg,A7V4CVENA0DYV,FN,0,0,223763,1956597
271_web_03_jpg.rf.1889ef85b055cf16cb8eb1570c04f922.jpg,A2EI075XZT9Y2S,Approved,271_web_03_jpg.rf.1889ef85b055cf16cb8eb1570c04f922.jpg,A2EI075XZT9Y2S,FN,0,0,223763,1956597
271_web_04_jpg.rf.6cb686f80c8c5b3a373c9062b5f64c0a.jpg,A1IZ4NX41GKU4X,Approved,271_web_04_jpg.rf.6cb686f80c8c5b3a373c9062b5f64c0a.jpg,A1IZ4NX41GKU4X,TP,26018,3765,208289,1160366
271_web_04_jpg.rf.6cb686f80c8c5b3a373c9062b5f64c0a.jpg,A3QZMGTVA4VO44,Approved,271_web_04_jpg.rf.6cb686f80c8c5b3a373c9062b5f64c0a.jpg,A3QZMGTVA4VO44,TP,74911,6721,159396,1157410
271_web_04_jpg.rf.6cb686f80c8c5b3a373c9062b5f64c0a.jpg,A234WZ4KX8IW07,Approved,271_web_04_jpg.rf.6cb686f80c8c5b3a373c9062b5f64c0a.jpg,A234WZ4KX8IW07,TP,74855,4442,159452,1159689
271_web_04_jpg.rf.6cb686f80c8c5b3a373c9062b5f64c0a.jpg,A7V4CVENA0DYV,Approved,271_web_04_jpg.rf.6cb686f80c8c5b3a373c9062b5f64c0a.jpg,A7V4CVENA0DYV,TP,27584,2420,206723,1161711
271_web_04_jpg.rf.6cb686f80c8c5b3a373c9062b5f64c0a.jpg,A10NF5TK6IFNX6,Approved,271_web_04_jpg.rf.6cb686f80c8c5b3a373c9062b5f64c0a.jpg,A10NF5TK6IFNX6,TP,25693,994,208614,1163137
275_gsv_00_jpg.rf.b28354af6cc4c6c847cd8017c5b158ef.jpg,A1IZ4NX41GKU4X,Approved,275_gsv_00_jpg.rf.b28354af6cc4c6c847cd8017c5b158ef.jpg,A1IZ4NX41GKU4X,FN,0,0,26492,383108
275_gsv_00_jpg.rf.b28354af6cc4c6c847cd8017c5b158ef.jpg,A2EI075XZT9Y2S,Approved,275_gsv_00_jpg.rf.b28354af6cc4c6c847cd8017c5b158ef.jpg,A2EI075XZT9Y2S,FN,0,0,26492,383108
275_gsv_00_jpg.rf.b28354af6cc4c6c847cd8017c5b158ef.jpg,ABVM2KJ7CRNZ0,Approved,275_gsv_00_jpg.rf.b28354af6cc4c6c847cd8017c5b158ef.jpg,ABVM2KJ7CRNZ0,TP,25786,3512,706,379596
275_gsv_00_jpg.rf.b28354af6cc4c6c847cd8017c5b158ef.jpg,A1XO6ONCCTBMKW,Approved,275_gsv_00_jpg.rf.b28354af6cc4c6c847cd8017c5b158ef.jpg,A1XO6ONCCTBMKW,FN,0,0,26492,383108
275_gsv_00_jpg.rf.b28354af6cc4c6c847cd8017c5b158ef.jpg,A3AA5G6HENO6VJ,Approved,275_gsv_00_jpg.rf.b28354af6cc4c6c847cd8017c5b158ef.jpg,A3AA5G6HENO6VJ,FN,0,0,26492,383108
275_web_01_jpg.rf.ef978eaa6f278d35d97bde3781eba2b8.jpg,A1IZ4NX41GKU4X,Approved,275_web_01_jpg.rf.ef978eaa6f278d35d97bde3781eba2b8.jpg,A1IZ4NX41GKU4X,FN,0,0,452140,1696212
275_web_01_jpg.rf.ef978eaa6f278d35d97bde3781eba2b8.jpg,A2EI075XZT9Y2S,Approved,275_web_01_jpg.rf.ef978eaa6f278d35d97bde3781eba2b8.jpg,A2EI075XZT9Y2S,FN,0,0,452140,1696212
275_web_01_jpg.rf.ef978eaa6f278d35d97bde3781eba2b8.jpg,A234WZ4KX8IW07,Approved,275_web_01_jpg.rf.ef978eaa6f278d35d97bde3781eba2b8.jpg,A234WZ4KX8IW07,TP,452015,89896,125,1606316
275_web_01_jpg.rf.ef978eaa6f278d35d97bde3781eba2b8.jpg,AORHXBTOCXFUK,Rejected,275_web_01_jpg.rf.ef978eaa6f278d35d97bde3781eba2b8.jpg,AORHXBTOCXFUK,TP,447936,697802,4204,998410
275_web_01_jpg.rf.ef978eaa6f278d35d97bde3781eba2b8.jpg,A3GXSHLBND9E92,Approved,275_web_01_jpg.rf.ef978eaa6f278d35d97bde3781eba2b8.jpg,A3GXSHLBND9E92,FN,0,0,452140,1696212
275_web_01_jpg.rf.ef978eaa6f278d35d97bde3781eba2b8.jpg,A3AA5G6HENO6VJ,Approved,275_web_01_jpg.rf.ef978eaa6f278d35d97bde3781eba2b8.jpg,A3AA5G6HENO6VJ,FN,0,0,452140,1696212
275_web_03_jpg.rf.daa1255cb6d4f483672e0af61dc5fd00.jpg,A3QZMGTVA4VO44,Approved,275_web_03_jpg.rf.daa1255cb6d4f483672e0af61dc5fd00.jpg,A3QZMGTVA4VO44,TP,0,55296,32225,687919
275_web_03_jpg.rf.daa1255cb6d4f483672e0af61dc5fd00.jpg,A1IZ4NX41GKU4X,Approved,275_web_03_jpg.rf.daa1255cb6d4f483672e0af61dc5fd00.jpg,A1IZ4NX41GKU4X,FN,0,0,32225,743215
275_web_03_jpg.rf.daa1255cb6d4f483672e0af61dc5fd00.jpg,A234WZ4KX8IW07,Approved,275_web_03_jpg.rf.daa1255cb6d4f483672e0af61dc5fd00.jpg,A234WZ4KX8IW07,TP,31892,98110,333,645105
275_web_03_jpg.rf.daa1255cb6d4f483672e0af61dc5fd00.jpg,A2PYXFVGNJPPX0,Approved,275_web_03_jpg.rf.daa1255cb6d4f483672e0af61dc5fd00.jpg,A2PYXFVGNJPPX0,TP,0,54943,32225,688272
275_web_03_jpg.rf.daa1255cb6d4f483672e0af61dc5fd00.jpg,A272A0JGRTBFCR,Approved,275_web_03_jpg.rf.daa1255cb6d4f483672e0af61dc5fd00.jpg,A272A0JGRTBFCR,TP,0,53696,32225,689519
28_jpg.rf.069588d812980d1bb02eb43c6b539cdf.jpg,A1IZ4NX41GKU4X,Approved,28_jpg.rf.069588d812980d1bb02eb43c6b539cdf.jpg,A1IZ4NX41GKU4X,TN,0,0,0,596322
28_jpg.rf.069588d812980d1bb02eb43c6b539cdf.jpg,ABVM2KJ7CRNZ0,Approved,28_jpg.rf.069588d812980d1bb02eb43c6b539cdf.jpg,ABVM2KJ7CRNZ0,FP,0,107191,0,489131
28_jpg.rf.069588d812980d1bb02eb43c6b539cdf.jpg,A35BY30TC8WCL4,Approved,28_jpg.rf.069588d812980d1bb02eb43c6b539cdf.jpg,A35BY30TC8WCL4,TN,0,0,0,596322
28_jpg.rf.069588d812980d1bb02eb43c6b539cdf.jpg,A7V4CVENA0DYV,Approved,28_jpg.rf.069588d812980d1bb02eb43c6b539cdf.jpg,A7V4CVENA0DYV,TN,0,0,0,596322
28_jpg.rf.069588d812980d1bb02eb43c6b539cdf.jpg,AORHXBTOCXFUK,Rejected,28_jpg.rf.069588d812980d1bb02eb43c6b539cdf.jpg,AORHXBTOCXFUK,FP,0,531477,0,64845
28_jpg.rf.069588d812980d1bb02eb43c6b539cdf.jpg,A3AA5G6HENO6VJ,Approved,28_jpg.rf.069588d812980d1bb02eb43c6b539cdf.jpg,A3AA5G6HENO6VJ,TN,0,0,0,596322
287_147768_136nopv_jpg.rf.58f1d3dc7980c5d1e96ed8f577e82745.jpg,A1IZ4NX41GKU4X,Approved,287_147768_136nopv_jpg.rf.58f1d3dc7980c5d1e96ed8f577e82745.jpg,A1IZ4NX41GKU4X,TN,0,0,0,409600
287_147768_136nopv_jpg.rf.58f1d3dc7980c5d1e96ed8f577e82745.jpg,A35BY30TC8WCL4,Approved,287_147768_136nopv_jpg.rf.58f1d3dc7980c5d1e96ed8f577e82745.jpg,A35BY30TC8WCL4,TN,0,0,0,409600
287_147768_136nopv_jpg.rf.58f1d3dc7980c5d1e96ed8f577e82745.jpg,A7V4CVENA0DYV,Approved,287_147768_136nopv_jpg.rf.58f1d3dc7980c5d1e96ed8f577e82745.jpg,A7V4CVENA0DYV,TN,0,0,0,409600
287_147768_136nopv_jpg.rf.58f1d3dc7980c5d1e96ed8f577e82745.jpg,A2EI075XZT9Y2S,Approved,287_147768_136nopv_jpg.rf.58f1d3dc7980c5d1e96ed8f577e82745.jpg,A2EI075XZT9Y2S,TN,0,0,0,409600
287_147768_136nopv_jpg.rf.58f1d3dc7980c5d1e96ed8f577e82745.jpg,A2B6374OK8RXI9,Approved,287_147768_136nopv_jpg.rf.58f1d3dc7980c5d1e96ed8f577e82745.jpg,A2B6374OK8RXI9,TN,0,0,0,409600
300_148212_142nopv_jpg.rf.4a50a14105078e4c42ff7d5980b79bb8.jpg,A1IZ4NX41GKU4X,Approved,300_148212_142nopv_jpg.rf.4a50a14105078e4c42ff7d5980b79bb8.jpg,A1IZ4NX41GKU4X,TN,0,0,0,409600
300_148212_142nopv_jpg.rf.4a50a14105078e4c42ff7d5980b79bb8.jpg,A7V4CVENA0DYV,Approved,300_148212_142nopv_jpg.rf.4a50a14105078e4c42ff7d5980b79bb8.jpg,A7V4CVENA0DYV,TN,0,0,0,409600
300_148212_142nopv_jpg.rf.4a50a14105078e4c42ff7d5980b79bb8.jpg,A2EI075XZT9Y2S,Approved,300_148212_142nopv_jpg.rf.4a50a14105078e4c42ff7d5980b79bb8.jpg,A2EI075XZT9Y2S,TN,0,0,0,409600
300_148212_142nopv_jpg.rf.4a50a14105078e4c42ff7d5980b79bb8.jpg,A3AA5G6HENO6VJ,Approved,300_148212_142nopv_jpg.rf.4a50a14105078e4c42ff7d5980b79bb8.jpg,A3AA5G6HENO6VJ,TN,0,0,0,409600
300_148212_142nopv_jpg.rf.4a50a14105078e4c42ff7d5980b79bb8.jpg,A272A0JGRTBFCR,Approved,300_148212_142nopv_jpg.rf.4a50a14105078e4c42ff7d5980b79bb8.jpg,A272A0JGRTBFCR,TN,0,0,0,409600
306_148329_145nopv_jpg.rf.22380d57a9f8b51e8075ca4ce011bb35.jpg,A1IZ4NX41GKU4X,Approved,306_148329_145nopv_jpg.rf.22380d57a9f8b51e8075ca4ce011bb35.jpg,A1IZ4NX41GKU4X,TN,0,0,0,409600
306_148329_145nopv_jpg.rf.22380d57a9f8b51e8075ca4ce011bb35.jpg,A7V4CVENA0DYV,Approved,306_148329_145nopv_jpg.rf.22380d57a9f8b51e8075ca4ce011bb35.jpg,A7V4CVENA0DYV,TN,0,0,0,409600
306_148329_145nopv_jpg.rf.22380d57a9f8b51e8075ca4ce011bb35.jpg,A2EI075XZT9Y2S,Approved,306_148329_145nopv_jpg.rf.22380d57a9f8b51e8075ca4ce011bb35.jpg,A2EI075XZT9Y2S,TN,0,0,0,409600
306_148329_145nopv_jpg.rf.22380d57a9f8b51e8075ca4ce011bb35.jpg,A1XO6ONCCTBMKW,Approved,306_148329_145nopv_jpg.rf.22380d57a9f8b51e8075ca4ce011bb35.jpg,A1XO6ONCCTBMKW,FP,0,8784,0,400816
306_148329_145nopv_jpg.rf.22380d57a9f8b51e8075ca4ce011bb35.jpg,A3AA5G6HENO6VJ,Approved,306_148329_145nopv_jpg.rf.22380d57a9f8b51e8075ca4ce011bb35.jpg,A3AA5G6HENO6VJ,TN,0,0,0,409600
308_web_01_jpg.rf.3b21414422c3a78ee9faf60ffefee7d6.jpg,A3QZMGTVA4VO44,Approved,308_web_01_jpg.rf.3b21414422c3a78ee9faf60ffefee7d6.jpg,A3QZMGTVA4VO44,TP,153465,8518,24035,2607454
308_web_01_jpg.rf.3b21414422c3a78ee9faf60ffefee7d6.jpg,A1IZ4NX41GKU4X,Approved,308_web_01_jpg.rf.3b21414422c3a78ee9faf60ffefee7d6.jpg,A1IZ4NX41GKU4X,FN,0,0,177500,2615972
308_web_01_jpg.rf.3b21414422c3a78ee9faf60ffefee7d6.jpg,A234WZ4KX8IW07,Approved,308_web_01_jpg.rf.3b21414422c3a78ee9faf60ffefee7d6.jpg,A234WZ4KX8IW07,TP,155731,13410,21769,2602562
308_web_01_jpg.rf.3b21414422c3a78ee9faf60ffefee7d6.jpg,A35BY30TC8WCL4,Approved,308_web_01_jpg.rf.3b21414422c3a78ee9faf60ffefee7d6.jpg,A35BY30TC8WCL4,FN,0,0,177500,2615972
308_web_01_jpg.rf.3b21414422c3a78ee9faf60ffefee7d6.jpg,ABVM2KJ7CRNZ0,Approved,308_web_01_jpg.rf.3b21414422c3a78ee9faf60ffefee7d6.jpg,ABVM2KJ7CRNZ0,TP,154499,6489,23001,2609483
308_web_02_jpg.rf.dfadbaa8a750803c95e82a5b1e56b73a.jpg,A1IZ4NX41GKU4X,Approved,308_web_02_jpg.rf.dfadbaa8a750803c95e82a5b1e56b73a.jpg,A1IZ4NX41GKU4X,FN,0,0,293195,2500277
308_web_02_jpg.rf.dfadbaa8a750803c95e82a5b1e56b73a.jpg,A3N5RTXKN4I723,Approved,308_web_02_jpg.rf.dfadbaa8a750803c95e82a5b1e56b73a.jpg,A3N5RTXKN4I723,FN,0,0,293195,2500277
308_web_02_jpg.rf.dfadbaa8a750803c95e82a5b1e56b73a.jpg,A3QZMGTVA4VO44,Approved,308_web_02_jpg.rf.dfadbaa8a750803c95e82a5b1e56b73a.jpg,A3QZMGTVA4VO44,TP,288733,18304,4462,2481973
308_web_02_jpg.rf.dfadbaa8a750803c95e82a5b1e56b73a.jpg,A234WZ4KX8IW07,Approved,308_web_02_jpg.rf.dfadbaa8a750803c95e82a5b1e56b73a.jpg,A234WZ4KX8IW07,TP,293082,44441,113,2455836
308_web_02_jpg.rf.dfadbaa8a750803c95e82a5b1e56b73a.jpg,A3AA5G6HENO6VJ,Approved,308_web_02_jpg.rf.dfadbaa8a750803c95e82a5b1e56b73a.jpg,A3AA5G6HENO6VJ,FN,0,0,293195,2500277
308_web_03_jpg.rf.21d95ed214c736a18ab6fd614baceb9a.jpg,A3AA5G6HENO6VJ,Approved,308_web_03_jpg.rf.21d95ed214c736a18ab6fd614baceb9a.jpg,A3AA5G6HENO6VJ,FN,0,0,293205,2500267
308_web_03_jpg.rf.21d95ed214c736a18ab6fd614baceb9a.jpg,A1IZ4NX41GKU4X,Approved,308_web_03_jpg.rf.21d95ed214c736a18ab6fd614baceb9a.jpg,A1IZ4NX41GKU4X,FN,0,0,293205,2500267
308_web_03_jpg.rf.21d95ed214c736a18ab6fd614baceb9a.jpg,A35BY30TC8WCL4,Approved,308_web_03_jpg.rf.21d95ed214c736a18ab6fd614baceb9a.jpg,A35BY30TC8WCL4,FN,0,0,293205,2500267
308_web_03_jpg.rf.21d95ed214c736a18ab6fd614baceb9a.jpg,AORHXBTOCXFUK,Rejected,308_web_03_jpg.rf.21d95ed214c736a18ab6fd614baceb9a.jpg,AORHXBTOCXFUK,TP,289152,316578,4053,2183689
308_web_03_jpg.rf.21d95ed214c736a18ab6fd614baceb9a.jpg,A2PYXFVGNJPPX0,Approved,308_web_03_jpg.rf.21d95ed214c736a18ab6fd614baceb9a.jpg,A2PYXFVGNJPPX0,TP,287023,57337,6182,2442930
308_web_03_jpg.rf.21d95ed214c736a18ab6fd614baceb9a.jpg,A272A0JGRTBFCR,Approved,308_web_03_jpg.rf.21d95ed214c736a18ab6fd614baceb9a.jpg,A272A0JGRTBFCR,TP,244827,13515,48378,2486752
309_148444_147nopv_jpg.rf.77d0acb04124636733442af666c6997f.jpg,A1IZ4NX41GKU4X,Approved,309_148444_147nopv_jpg.rf.77d0acb04124636733442af666c6997f.jpg,A1IZ4NX41GKU4X,TN,0,0,0,409600
309_148444_147nopv_jpg.rf.77d0acb04124636733442af666c6997f.jpg,A35BY30TC8WCL4,Approved,309_148444_147nopv_jpg.rf.77d0acb04124636733442af666c6997f.jpg,A35BY30TC8WCL4,TN,0,0,0,409600
309_148444_147nopv_jpg.rf.77d0acb04124636733442af666c6997f.jpg,A3AA5G6HENO6VJ,Approved,309_148444_147nopv_jpg.rf.77d0acb04124636733442af666c6997f.jpg,A3AA5G6HENO6VJ,TN,0,0,0,409600
309_148444_147nopv_jpg.rf.77d0acb04124636733442af666c6997f.jpg,A16X5FB3HAFCKN,Approved,309_148444_147nopv_jpg.rf.77d0acb04124636733442af666c6997f.jpg,A16X5FB3HAFCKN,TN,0,0,0,409600
309_148444_147nopv_jpg.rf.77d0acb04124636733442af666c6997f.jpg,A5LYLHG880ABE,Approved,309_148444_147nopv_jpg.rf.77d0acb04124636733442af666c6997f.jpg,A5LYLHG880ABE,TN,0,0,0,409600
310_web_01_jpg.rf.81f98d4433d5ef3bb43497ec4870e6c8.jpg,A3QZMGTVA4VO44,Approved,310_web_01_jpg.rf.81f98d4433d5ef3bb43497ec4870e6c8.jpg,A3QZMGTVA4VO44,TP,15015,1087,62883,84363
310_web_01_jpg.rf.81f98d4433d5ef3bb43497ec4870e6c8.jpg,ABVM2KJ7CRNZ0,Approved,310_web_01_jpg.rf.81f98d4433d5ef3bb43497ec4870e6c8.jpg,ABVM2KJ7CRNZ0,TP,25680,2992,52218,82458
310_web_01_jpg.rf.81f98d4433d5ef3bb43497ec4870e6c8.jpg,A272A0JGRTBFCR,Approved,310_web_01_jpg.rf.81f98d4433d5ef3bb43497ec4870e6c8.jpg,A272A0JGRTBFCR,TP,10681,1453,67217,83997
310_web_01_jpg.rf.81f98d4433d5ef3bb43497ec4870e6c8.jpg,A1XO6ONCCTBMKW,Approved,310_web_01_jpg.rf.81f98d4433d5ef3bb43497ec4870e6c8.jpg,A1XO6ONCCTBMKW,TP,10848,1309,67050,84141
310_web_01_jpg.rf.81f98d4433d5ef3bb43497ec4870e6c8.jpg,A3AA5G6HENO6VJ,Approved,310_web_01_jpg.rf.81f98d4433d5ef3bb43497ec4870e6c8.jpg,A3AA5G6HENO6VJ,TP,10858,1326,67040,84124
310_web_99_jpg.rf.a34389678a8933b3e82c1a89f88a2234.jpg,A3AA5G6HENO6VJ,Approved,310_web_99_jpg.rf.a34389678a8933b3e82c1a89f88a2234.jpg,A3AA5G6HENO6VJ,FN,0,0,967160,1828360
310_web_99_jpg.rf.a34389678a8933b3e82c1a89f88a2234.jpg,A234WZ4KX8IW07,Approved,310_web_99_jpg.rf.a34389678a8933b3e82c1a89f88a2234.jpg,A234WZ4KX8IW07,TP,927915,26709,39245,1801651
310_web_99_jpg.rf.a34389678a8933b3e82c1a89f88a2234.jpg,A1XO6ONCCTBMKW,Approved,310_web_99_jpg.rf.a34389678a8933b3e82c1a89f88a2234.jpg,A1XO6ONCCTBMKW,TP,930508,145101,36652,1683259
310_web_99_jpg.rf.a34389678a8933b3e82c1a89f88a2234.jpg,A3QZMGTVA4VO44,Approved,310_web_99_jpg.rf.a34389678a8933b3e82c1a89f88a2234.jpg,A3QZMGTVA4VO44,TP,916952,13613,50208,1814747
310_web_99_jpg.rf.a34389678a8933b3e82c1a89f88a2234.jpg,A3TUMZ954ORSUC,Approved,310_web_99_jpg.rf.a34389678a8933b3e82c1a89f88a2234.jpg,A3TUMZ954ORSUC,TP,926271,36459,40889,1791901
311_gsv_00_jpg.rf.7e803dece1e402875279afb234161122.jpg,A7V4CVENA0DYV,Approved,311_gsv_00_jpg.rf.7e803dece1e402875279afb234161122.jpg,A7V4CVENA0DYV,TP,6796,2356,13110,182042
311_gsv_00_jpg.rf.7e803dece1e402875279afb234161122.jpg,A3TUMZ954ORSUC,Approved,311_gsv_00_jpg.rf.7e803dece1e402875279afb234161122.jpg,A3TUMZ954ORSUC,TP,6932,985,12974,183413
311_gsv_00_jpg.rf.7e803dece1e402875279afb234161122.jpg,A10NF5TK6IFNX6,Approved,311_gsv_00_jpg.rf.7e803dece1e402875279afb234161122.jpg,A10NF5TK6IFNX6,TP,6913,1085,12993,183313
311_gsv_00_jpg.rf.7e803dece1e402875279afb234161122.jpg,ABVM2KJ7CRNZ0,Approved,311_gsv_00_jpg.rf.7e803dece1e402875279afb234161122.jpg,ABVM2KJ7CRNZ0,TP,13557,2228,6349,182170
311_gsv_00_jpg.rf.7e803dece1e402875279afb234161122.jpg,A2B6374OK8RXI9,Approved,311_gsv_00_jpg.rf.7e803dece1e402875279afb234161122.jpg,A2B6374OK8RXI9,TP,6841,1177,13065,183221
311_web_01_jpg.rf.f3b7a0f748aaf8feecb91d1da1ac3c70.jpg,A3TUMZ954ORSUC,Approved,311_web_01_jpg.rf.f3b7a0f748aaf8feecb91d1da1ac3c70.jpg,A3TUMZ954ORSUC,TP,53384,33209,108482,1027941
311_web_01_jpg.rf.f3b7a0f748aaf8feecb91d1da1ac3c70.jpg,A234WZ4KX8IW07,Approved,311_web_01_jpg.rf.f3b7a0f748aaf8feecb91d1da1ac3c70.jpg,A234WZ4KX8IW07,TP,149927,19794,11939,1041356
311_web_01_jpg.rf.f3b7a0f748aaf8feecb91d1da1ac3c70.jpg,A34M93NJC830DP,Approved,311_web_01_jpg.rf.f3b7a0f748aaf8feecb91d1da1ac3c70.jpg,A34M93NJC830DP,TP,52595,8202,109271,1052948
311_web_01_jpg.rf.f3b7a0f748aaf8feecb91d1da1ac3c70.jpg,AORHXBTOCXFUK,Rejected,311_web_01_jpg.rf.f3b7a0f748aaf8feecb91d1da1ac3c70.jpg,AORHXBTOCXFUK,TP,161126,104916,740,956234
311_web_01_jpg.rf.f3b7a0f748aaf8feecb91d1da1ac3c70.jpg,A272A0JGRTBFCR,Approved,311_web_01_jpg.rf.f3b7a0f748aaf8feecb91d1da1ac3c70.jpg,A272A0JGRTBFCR,TP,52487,4433,109379,1056717
311_web_01_jpg.rf.f3b7a0f748aaf8feecb91d1da1ac3c70.jpg,A16X5FB3HAFCKN,Approved,311_web_01_jpg.rf.f3b7a0f748aaf8feecb91d1da1ac3c70.jpg,A16X5FB3HAFCKN,TP,53849,33704,108017,1027446
311_web_02_jpg.rf.73e56c1ace41e5b4939372871beb48ef.jpg,A2PYXFVGNJPPX0,Approved,311_web_02_jpg.rf.73e56c1ace41e5b4939372871beb48ef.jpg,A2PYXFVGNJPPX0,TP,152954,43707,18331,1892400
311_web_02_jpg.rf.73e56c1ace41e5b4939372871beb48ef.jpg,A234WZ4KX8IW07,Approved,311_web_02_jpg.rf.73e56c1ace41e5b4939372871beb48ef.jpg,A234WZ4KX8IW07,TP,170135,42136,1150,1893971
311_web_02_jpg.rf.73e56c1ace41e5b4939372871beb48ef.jpg,A3AA5G6HENO6VJ,Approved,311_web_02_jpg.rf.73e56c1ace41e5b4939372871beb48ef.jpg,A3AA5G6HENO6VJ,FN,0,0,171285,1936107
311_web_02_jpg.rf.73e56c1ace41e5b4939372871beb48ef.jpg,A1YYDRHVY4LL8K,Approved,311_web_02_jpg.rf.73e56c1ace41e5b4939372871beb48ef.jpg,A1YYDRHVY4LL8K,TP,171036,240725,249,1695382
311_web_02_jpg.rf.73e56c1ace41e5b4939372871beb48ef.jpg,A16X5FB3HAFCKN,Approved,311_web_02_jpg.rf.73e56c1ace41e5b4939372871beb48ef.jpg,A16X5FB3HAFCKN,TP,156378,78436,14907,1857671
311_web_03_jpg.rf.20fac22a12318109f66a70c816646b0c.jpg,A3QZMGTVA4VO44,Approved,311_web_03_jpg.rf.20fac22a12318109f66a70c816646b0c.jpg,A3QZMGTVA4VO44,TP,446894,11542,79317,2018151
311_web_03_jpg.rf.20fac22a12318109f66a70c816646b0c.jpg,A234WZ4KX8IW07,Approved,311_web_03_jpg.rf.20fac22a12318109f66a70c816646b0c.jpg,A234WZ4KX8IW07,TP,515789,58707,10422,1970986
311_web_03_jpg.rf.20fac22a12318109f66a70c816646b0c.jpg,A3AA5G6HENO6VJ,Approved,311_web_03_jpg.rf.20fac22a12318109f66a70c816646b0c.jpg,A3AA5G6HENO6VJ,FN,0,0,526211,2029693
311_web_03_jpg.rf.20fac22a12318109f66a70c816646b0c.jpg,A3TUMZ954ORSUC,Approved,311_web_03_jpg.rf.20fac22a12318109f66a70c816646b0c.jpg,A3TUMZ954ORSUC,TP,513796,143410,12415,1886283
311_web_03_jpg.rf.20fac22a12318109f66a70c816646b0c.jpg,A2PYXFVGNJPPX0,Approved,311_web_03_jpg.rf.20fac22a12318109f66a70c816646b0c.jpg,A2PYXFVGNJPPX0,TP,473445,67522,52766,1962171
315_web_01_jpg.rf.a621f6bc81e7725720bb652e03a2a85c.jpg,A1IZ4NX41GKU4X,Approved,315_web_01_jpg.rf.a621f6bc81e7725720bb652e03a2a85c.jpg,A1IZ4NX41GKU4X,FN,0,0,72383,1622609
315_web_01_jpg.rf.a621f6bc81e7725720bb652e03a2a85c.jpg,A7V4CVENA0DYV,Approved,315_web_01_jpg.rf.a621f6bc81e7725720bb652e03a2a85c.jpg,A7V4CVENA0DYV,FN,0,0,72383,1622609
315_web_01_jpg.rf.a621f6bc81e7725720bb652e03a2a85c.jpg,A3N5RTXKN4I723,Approved,315_web_01_jpg.rf.a621f6bc81e7725720bb652e03a2a85c.jpg,A3N5RTXKN4I723,FN,0,0,72383,1622609
315_web_01_jpg.rf.a621f6bc81e7725720bb652e03a2a85c.jpg,A35BY30TC8WCL4,Approved,315_web_01_jpg.rf.a621f6bc81e7725720bb652e03a2a85c.jpg,A35BY30TC8WCL4,FN,0,0,72383,1622609
315_web_01_jpg.rf.a621f6bc81e7725720bb652e03a2a85c.jpg,A14W0AXTJ3R19V,Approved,315_web_01_jpg.rf.a621f6bc81e7725720bb652e03a2a85c.jpg,A14W0AXTJ3R19V,FN,0,0,72383,1622609
315_web_03_jpg.rf.fd4c5dd7a9158604e13595b63c4df14f.jpg,ABVM2KJ7CRNZ0,Approved,315_web_03_jpg.rf.fd4c5dd7a9158604e13595b63c4df14f.jpg,ABVM2KJ7CRNZ0,TP,222669,28409,23748,884014
315_web_03_jpg.rf.fd4c5dd7a9158604e13595b63c4df14f.jpg,A7V4CVENA0DYV,Approved,315_web_03_jpg.rf.fd4c5dd7a9158604e13595b63c4df14f.jpg,A7V4CVENA0DYV,FN,0,0,246417,912423
315_web_03_jpg.rf.fd4c5dd7a9158604e13595b63c4df14f.jpg,A234WZ4KX8IW07,Approved,315_web_03_jpg.rf.fd4c5dd7a9158604e13595b63c4df14f.jpg,A234WZ4KX8IW07,TP,222755,26558,23662,885865
315_web_03_jpg.rf.fd4c5dd7a9158604e13595b63c4df14f.jpg,A14W0AXTJ3R19V,Approved,315_web_03_jpg.rf.fd4c5dd7a9158604e13595b63c4df14f.jpg,A14W0AXTJ3R19V,FN,0,0,246417,912423
315_web_03_jpg.rf.fd4c5dd7a9158604e13595b63c4df14f.jpg,A1XO6ONCCTBMKW,Approved,315_web_03_jpg.rf.fd4c5dd7a9158604e13595b63c4df14f.jpg,A1XO6ONCCTBMKW,FN,0,0,246417,912423
315_web_04_jpg.rf.57ac3182e1b9aa96ca60e3f10e7c1e22.jpg,A1IZ4NX41GKU4X,Approved,315_web_04_jpg.rf.57ac3182e1b9aa96ca60e3f10e7c1e22.jpg,A1IZ4NX41GKU4X,FN,0,0,130487,1019541
315_web_04_jpg.rf.57ac3182e1b9aa96ca60e3f10e7c1e22.jpg,A3QZMGTVA4VO44,Approved,315_web_04_jpg.rf.57ac3182e1b9aa96ca60e3f10e7c1e22.jpg,A3QZMGTVA4VO44,TP,95981,3421,34506,1016120
315_web_04_jpg.rf.57ac3182e1b9aa96ca60e3f10e7c1e22.jpg,ABVM2KJ7CRNZ0,Approved,315_web_04_jpg.rf.57ac3182e1b9aa96ca60e3f10e7c1e22.jpg,ABVM2KJ7CRNZ0,TP,129729,9084,758,1010457
315_web_04_jpg.rf.57ac3182e1b9aa96ca60e3f10e7c1e22.jpg,A234WZ4KX8IW07,Approved,315_web_04_jpg.rf.57ac3182e1b9aa96ca60e3f10e7c1e22.jpg,A234WZ4KX8IW07,TP,130314,25935,173,993606
315_web_04_jpg.rf.57ac3182e1b9aa96ca60e3f10e7c1e22.jpg,A7V4CVENA0DYV,Approved,315_web_04_jpg.rf.57ac3182e1b9aa96ca60e3f10e7c1e22.jpg,A7V4CVENA0DYV,FN,0,0,130487,1019541
322_148730_154nopv_jpg.rf.0c20bdf298d53d1692c96bce7535f28d.jpg,A16DOX0X2E9XBI,Approved,322_148730_154nopv_jpg.rf.0c20bdf298d53d1692c96bce7535f28d.jpg,A16DOX0X2E9XBI,TN,0,0,0,409600
322_148730_154nopv_jpg.rf.0c20bdf298d53d1692c96bce7535f28d.jpg,A1IZ4NX41GKU4X,Approved,322_148730_154nopv_jpg.rf.0c20bdf298d53d1692c96bce7535f28d.jpg,A1IZ4NX41GKU4X,TN,0,0,0,409600
322_148730_154nopv_jpg.rf.0c20bdf298d53d1692c96bce7535f28d.jpg,A7V4CVENA0DYV,Approved,322_148730_154nopv_jpg.rf.0c20bdf298d53d1692c96bce7535f28d.jpg,A7V4CVENA0DYV,TN,0,0,0,409600
322_148730_154nopv_jpg.rf.0c20bdf298d53d1692c96bce7535f28d.jpg,A35BY30TC8WCL4,Approved,322_148730_154nopv_jpg.rf.0c20bdf298d53d1692c96bce7535f28d.jpg,A35BY30TC8WCL4,TN,0,0,0,409600
322_148730_154nopv_jpg.rf.0c20bdf298d53d1692c96bce7535f28d.jpg,A1XO6ONCCTBMKW,Approved,322_148730_154nopv_jpg.rf.0c20bdf298d53d1692c96bce7535f28d.jpg,A1XO6ONCCTBMKW,TN,0,0,0,409600
326_148853_156nopv_jpg.rf.19047dc4876cc006ae8d43903e047bb5.jpg,A3AA5G6HENO6VJ,Approved,326_148853_156nopv_jpg.rf.19047dc4876cc006ae8d43903e047bb5.jpg,A3AA5G6HENO6VJ,TN,0,0,0,409600
326_148853_156nopv_jpg.rf.19047dc4876cc006ae8d43903e047bb5.jpg,A1IZ4NX41GKU4X,Approved,326_148853_156nopv_jpg.rf.19047dc4876cc006ae8d43903e047bb5.jpg,A1IZ4NX41GKU4X,TN,0,0,0,409600
326_148853_156nopv_jpg.rf.19047dc4876cc006ae8d43903e047bb5.jpg,A7V4CVENA0DYV,Approved,326_148853_156nopv_jpg.rf.19047dc4876cc006ae8d43903e047bb5.jpg,A7V4CVENA0DYV,TN,0,0,0,409600
326_148853_156nopv_jpg.rf.19047dc4876cc006ae8d43903e047bb5.jpg,A35BY30TC8WCL4,Approved,326_148853_156nopv_jpg.rf.19047dc4876cc006ae8d43903e047bb5.jpg,A35BY30TC8WCL4,TN,0,0,0,409600
326_148853_156nopv_jpg.rf.19047dc4876cc006ae8d43903e047bb5.jpg,A14W0AXTJ3R19V,Approved,326_148853_156nopv_jpg.rf.19047dc4876cc006ae8d43903e047bb5.jpg,A14W0AXTJ3R19V,TN,0,0,0,409600
336_149099_159nopv_jpg.rf.ab27a8aee1a3a361b0f2b541a5a9839a.jpg,A1IZ4NX41GKU4X,Approved,336_149099_159nopv_jpg.rf.ab27a8aee1a3a361b0f2b541a5a9839a.jpg,A1IZ4NX41GKU4X,TN,0,0,0,409600
336_149099_159nopv_jpg.rf.ab27a8aee1a3a361b0f2b541a5a9839a.jpg,A7V4CVENA0DYV,Approved,336_149099_159nopv_jpg.rf.ab27a8aee1a3a361b0f2b541a5a9839a.jpg,A7V4CVENA0DYV,TN,0,0,0,409600
336_149099_159nopv_jpg.rf.ab27a8aee1a3a361b0f2b541a5a9839a.jpg,A1XO6ONCCTBMKW,Approved,336_149099_159nopv_jpg.rf.ab27a8aee1a3a361b0f2b541a5a9839a.jpg,A1XO6ONCCTBMKW,TN,0,0,0,409600
336_149099_159nopv_jpg.rf.ab27a8aee1a3a361b0f2b541a5a9839a.jpg,A3AA5G6HENO6VJ,Approved,336_149099_159nopv_jpg.rf.ab27a8aee1a3a361b0f2b541a5a9839a.jpg,A3AA5G6HENO6VJ,TN,0,0,0,409600
336_149099_159nopv_jpg.rf.ab27a8aee1a3a361b0f2b541a5a9839a.jpg,A3TUMZ954ORSUC,Approved,336_149099_159nopv_jpg.rf.ab27a8aee1a3a361b0f2b541a5a9839a.jpg,A3TUMZ954ORSUC,TN,0,0,0,409600
367_150283_169nopv_jpg.rf.cba345c597210e221dc44b262a460eb7.jpg,A1IZ4NX41GKU4X,Approved,367_150283_169nopv_jpg.rf.cba345c597210e221dc44b262a460eb7.jpg,A1IZ4NX41GKU4X,TN,0,0,0,409600
367_150283_169nopv_jpg.rf.cba345c597210e221dc44b262a460eb7.jpg,AVWU9JDY5G81E,Approved,367_150283_169nopv_jpg.rf.cba345c597210e221dc44b262a460eb7.jpg,AVWU9JDY5G81E,TN,0,0,0,409600
367_150283_169nopv_jpg.rf.cba345c597210e221dc44b262a460eb7.jpg,A7V4CVENA0DYV,Approved,367_150283_169nopv_jpg.rf.cba345c597210e221dc44b262a460eb7.jpg,A7V4CVENA0DYV,TN,0,0,0,409600
367_150283_169nopv_jpg.rf.cba345c597210e221dc44b262a460eb7.jpg,A2EI075XZT9Y2S,Approved,367_150283_169nopv_jpg.rf.cba345c597210e221dc44b262a460eb7.jpg,A2EI075XZT9Y2S,TN,0,0,0,409600
367_150283_169nopv_jpg.rf.cba345c597210e221dc44b262a460eb7.jpg,A3AA5G6HENO6VJ,Approved,367_150283_169nopv_jpg.rf.cba345c597210e221dc44b262a460eb7.jpg,A3AA5G6HENO6VJ,TN,0,0,0,409600
370_150625_172nopv_jpg.rf.805c132828b141da2d2884422a16fab6.jpg,A1IZ4NX41GKU4X,Approved,370_150625_172nopv_jpg.rf.805c132828b141da2d2884422a16fab6.jpg,A1IZ4NX41GKU4X,TN,0,0,0,409600
370_150625_172nopv_jpg.rf.805c132828b141da2d2884422a16fab6.jpg,A35BY30TC8WCL4,Approved,370_150625_172nopv_jpg.rf.805c132828b141da2d2884422a16fab6.jpg,A35BY30TC8WCL4,TN,0,0,0,409600
370_150625_172nopv_jpg.rf.805c132828b141da2d2884422a16fab6.jpg,A3AA5G6HENO6VJ,Approved,370_150625_172nopv_jpg.rf.805c132828b141da2d2884422a16fab6.jpg,A3AA5G6HENO6VJ,TN,0,0,0,409600
370_150625_172nopv_jpg.rf.805c132828b141da2d2884422a16fab6.jpg,A272A0JGRTBFCR,Approved,370_150625_172nopv_jpg.rf.805c132828b141da2d2884422a16fab6.jpg,A272A0JGRTBFCR,TN,0,0,0,409600
370_150625_172nopv_jpg.rf.805c132828b141da2d2884422a16fab6.jpg,A16X5FB3HAFCKN,Approved,370_150625_172nopv_jpg.rf.805c132828b141da2d2884422a16fab6.jpg,A16X5FB3HAFCKN,TN,0,0,0,409600
383_web_02_jpg.rf.ce8b586f6a85927de3033cd990b9bb5f.jpg,A7V4CVENA0DYV,Approved,383_web_02_jpg.rf.ce8b586f6a85927de3033cd990b9bb5f.jpg,A7V4CVENA0DYV,FN,0,0,211240,947928
383_web_02_jpg.rf.ce8b586f6a85927de3033cd990b9bb5f.jpg,A234WZ4KX8IW07,Approved,383_web_02_jpg.rf.ce8b586f6a85927de3033cd990b9bb5f.jpg,A234WZ4KX8IW07,TP,196168,32950,15072,914978
383_web_02_jpg.rf.ce8b586f6a85927de3033cd990b9bb5f.jpg,AORHXBTOCXFUK,Rejected,383_web_02_jpg.rf.ce8b586f6a85927de3033cd990b9bb5f.jpg,AORHXBTOCXFUK,TP,210890,741841,350,206087
383_web_02_jpg.rf.ce8b586f6a85927de3033cd990b9bb5f.jpg,A3AA5G6HENO6VJ,Approved,383_web_02_jpg.rf.ce8b586f6a85927de3033cd990b9bb5f.jpg,A3AA5G6HENO6VJ,FN,0,0,211240,947928
383_web_02_jpg.rf.ce8b586f6a85927de3033cd990b9bb5f.jpg,A16X5FB3HAFCKN,Approved,383_web_02_jpg.rf.ce8b586f6a85927de3033cd990b9bb5f.jpg,A16X5FB3HAFCKN,FN,0,0,211240,947928
383_web_02_jpg.rf.ce8b586f6a85927de3033cd990b9bb5f.jpg,A2IRHCO3GWX449,Approved,383_web_02_jpg.rf.ce8b586f6a85927de3033cd990b9bb5f.jpg,A2IRHCO3GWX449,FN,0,0,211240,947928
383_web_03_jpg.rf.a28a20425b824a965cfe9ac8ce82355b.jpg,A1IZ4NX41GKU4X,Approved,383_web_03_jpg.rf.a28a20425b824a965cfe9ac8ce82355b.jpg,A1IZ4NX41GKU4X,FN,0,0,194309,492043
383_web_03_jpg.rf.a28a20425b824a965cfe9ac8ce82355b.jpg,A35BY30TC8WCL4,Approved,383_web_03_jpg.rf.a28a20425b824a965cfe9ac8ce82355b.jpg,A35BY30TC8WCL4,FN,0,0,194309,492043
383_web_03_jpg.rf.a28a20425b824a965cfe9ac8ce82355b.jpg,A234WZ4KX8IW07,Approved,383_web_03_jpg.rf.a28a20425b824a965cfe9ac8ce82355b.jpg,A234WZ4KX8IW07,TP,194070,38086,239,453957
383_web_03_jpg.rf.a28a20425b824a965cfe9ac8ce82355b.jpg,AORHXBTOCXFUK,Rejected,383_web_03_jpg.rf.a28a20425b824a965cfe9ac8ce82355b.jpg,AORHXBTOCXFUK,TP,191715,481401,2594,10642
383_web_03_jpg.rf.a28a20425b824a965cfe9ac8ce82355b.jpg,A3AA5G6HENO6VJ,Approved,383_web_03_jpg.rf.a28a20425b824a965cfe9ac8ce82355b.jpg,A3AA5G6HENO6VJ,FN,0,0,194309,492043
383_web_03_jpg.rf.a28a20425b824a965cfe9ac8ce82355b.jpg,A3TUMZ954ORSUC,Approved,383_web_03_jpg.rf.a28a20425b824a965cfe9ac8ce82355b.jpg,A3TUMZ954ORSUC,FN,0,0,194309,492043
383_web_04_jpg.rf.3acc7b27c6e23decad64c0dc04a11b88.jpg,A3QZMGTVA4VO44,Approved,383_web_04_jpg.rf.3acc7b27c6e23decad64c0dc04a11b88.jpg,A3QZMGTVA4VO44,TP,75988,3788,1180,262436
383_web_04_jpg.rf.3acc7b27c6e23decad64c0dc04a11b88.jpg,A1IZ4NX41GKU4X,Approved,383_web_04_jpg.rf.3acc7b27c6e23decad64c0dc04a11b88.jpg,A1IZ4NX41GKU4X,FN,0,0,77168,266224
383_web_04_jpg.rf.3acc7b27c6e23decad64c0dc04a11b88.jpg,A234WZ4KX8IW07,Approved,383_web_04_jpg.rf.3acc7b27c6e23decad64c0dc04a11b88.jpg,A234WZ4KX8IW07,TP,76704,6714,464,259510
383_web_04_jpg.rf.3acc7b27c6e23decad64c0dc04a11b88.jpg,ABVM2KJ7CRNZ0,Approved,383_web_04_jpg.rf.3acc7b27c6e23decad64c0dc04a11b88.jpg,ABVM2KJ7CRNZ0,TP,76221,5872,947,260352
383_web_04_jpg.rf.3acc7b27c6e23decad64c0dc04a11b88.jpg,A7V4CVENA0DYV,Approved,383_web_04_jpg.rf.3acc7b27c6e23decad64c0dc04a11b88.jpg,A7V4CVENA0DYV,FN,0,0,77168,266224
392_151337_179nopv_jpg.rf.1ccb05b42f45d348a1f8fe4dbc998a83.jpg,A3AA5G6HENO6VJ,Approved,392_151337_179nopv_jpg.rf.1ccb05b42f45d348a1f8fe4dbc998a83.jpg,A3AA5G6HENO6VJ,TN,0,0,0,409600
392_151337_179nopv_jpg.rf.1ccb05b42f45d348a1f8fe4dbc998a83.jpg,A1IZ4NX41GKU4X,Approved,392_151337_179nopv_jpg.rf.1ccb05b42f45d348a1f8fe4dbc998a83.jpg,A1IZ4NX41GKU4X,TN,0,0,0,409600
392_151337_179nopv_jpg.rf.1ccb05b42f45d348a1f8fe4dbc998a83.jpg,A3TUMZ954ORSUC,Approved,392_151337_179nopv_jpg.rf.1ccb05b42f45d348a1f8fe4dbc998a83.jpg,A3TUMZ954ORSUC,TN,0,0,0,409600
392_151337_179nopv_jpg.rf.1ccb05b42f45d348a1f8fe4dbc998a83.jpg,A2EI075XZT9Y2S,Approved,392_151337_179nopv_jpg.rf.1ccb05b42f45d348a1f8fe4dbc998a83.jpg,A2EI075XZT9Y2S,TN,0,0,0,409600
392_151337_179nopv_jpg.rf.1ccb05b42f45d348a1f8fe4dbc998a83.jpg,A3GXSHLBND9E92,Approved,392_151337_179nopv_jpg.rf.1ccb05b42f45d348a1f8fe4dbc998a83.jpg,A3GXSHLBND9E92,TN,0,0,0,409600
396_151360_181nopv_jpg.rf.b6f906f402ab0a2d9ca9ea4cdea4e68c.jpg,A16DOX0X2E9XBI,Approved,396_151360_181nopv_jpg.rf.b6f906f402ab0a2d9ca9ea4cdea4e68c.jpg,A16DOX0X2E9XBI,TN,0,0,0,409600
396_151360_181nopv_jpg.rf.b6f906f402ab0a2d9ca9ea4cdea4e68c.jpg,A3AA5G6HENO6VJ,Approved,396_151360_181nopv_jpg.rf.b6f906f402ab0a2d9ca9ea4cdea4e68c.jpg,A3AA5G6HENO6VJ,TN,0,0,0,409600
396_151360_181nopv_jpg.rf.b6f906f402ab0a2d9ca9ea4cdea4e68c.jpg,A272A0JGRTBFCR,Approved,396_151360_181nopv_jpg.rf.b6f906f402ab0a2d9ca9ea4cdea4e68c.jpg,A272A0JGRTBFCR,TN,0,0,0,409600
396_151360_181nopv_jpg.rf.b6f906f402ab0a2d9ca9ea4cdea4e68c.jpg,A3TUMZ954ORSUC,Approved,396_151360_181nopv_jpg.rf.b6f906f402ab0a2d9ca9ea4cdea4e68c.jpg,A3TUMZ954ORSUC,TN,0,0,0,409600
396_151360_181nopv_jpg.rf.b6f906f402ab0a2d9ca9ea4cdea4e68c.jpg,A16X5FB3HAFCKN,Approved,396_151360_181nopv_jpg.rf.b6f906f402ab0a2d9ca9ea4cdea4e68c.jpg,A16X5FB3HAFCKN,TN,0,0,0,409600
401_151818_185nopv_jpg.rf.eee26fb5d279cb568f43a1b6ff53c306.jpg,A1IZ4NX41GKU4X,Approved,401_151818_185nopv_jpg.rf.eee26fb5d279cb568f43a1b6ff53c306.jpg,A1IZ4NX41GKU4X,TN,0,0,0,409600
401_151818_185nopv_jpg.rf.eee26fb5d279cb568f43a1b6ff53c306.jpg,A35BY30TC8WCL4,Approved,401_151818_185nopv_jpg.rf.eee26fb5d279cb568f43a1b6ff53c306.jpg,A35BY30TC8WCL4,TN,0,0,0,409600
401_151818_185nopv_jpg.rf.eee26fb5d279cb568f43a1b6ff53c306.jpg,A7V4CVENA0DYV,Approved,401_151818_185nopv_jpg.rf.eee26fb5d279cb568f43a1b6ff53c306.jpg,A7V4CVENA0DYV,TN,0,0,0,409600
401_151818_185nopv_jpg.rf.eee26fb5d279cb568f43a1b6ff53c306.jpg,AL8NYDL4JOYL3,Approved,401_151818_185nopv_jpg.rf.eee26fb5d279cb568f43a1b6ff53c306.jpg,AL8NYDL4JOYL3,FP,0,1453,0,408147
401_151818_185nopv_jpg.rf.eee26fb5d279cb568f43a1b6ff53c306.jpg,A5LYLHG880ABE,Approved,401_151818_185nopv_jpg.rf.eee26fb5d279cb568f43a1b6ff53c306.jpg,A5LYLHG880ABE,TN,0,0,0,409600
4015_302017832_184nopv_jpg.rf.74fd082eeffcf059081cec456e4ffee5.jpg,A1IZ4NX41GKU4X,Approved,4015_302017832_184nopv_jpg.rf.74fd082eeffcf059081cec456e4ffee5.jpg,A1IZ4NX41GKU4X,TN,0,0,0,409600
4015_302017832_184nopv_jpg.rf.74fd082eeffcf059081cec456e4ffee5.jpg,A234WZ4KX8IW07,Approved,4015_302017832_184nopv_jpg.rf.74fd082eeffcf059081cec456e4ffee5.jpg,A234WZ4KX8IW07,FP,0,46117,0,363483
4015_302017832_184nopv_jpg.rf.74fd082eeffcf059081cec456e4ffee5.jpg,A7V4CVENA0DYV,Approved,4015_302017832_184nopv_jpg.rf.74fd082eeffcf059081cec456e4ffee5.jpg,A7V4CVENA0DYV,TN,0,0,0,409600
4015_302017832_184nopv_jpg.rf.74fd082eeffcf059081cec456e4ffee5.jpg,A2EI075XZT9Y2S,Approved,4015_302017832_184nopv_jpg.rf.74fd082eeffcf059081cec456e4ffee5.jpg,A2EI075XZT9Y2S,TN,0,0,0,409600
4015_302017832_184nopv_jpg.rf.74fd082eeffcf059081cec456e4ffee5.jpg,AORHXBTOCXFUK,Rejected,4015_302017832_184nopv_jpg.rf.74fd082eeffcf059081cec456e4ffee5.jpg,AORHXBTOCXFUK,FP,0,143415,0,266185
4015_302017832_184nopv_jpg.rf.74fd082eeffcf059081cec456e4ffee5.jpg,A3AA5G6HENO6VJ,Approved,4015_302017832_184nopv_jpg.rf.74fd082eeffcf059081cec456e4ffee5.jpg,A3AA5G6HENO6VJ,TN,0,0,0,409600
4098_302019081_193nopv_jpg.rf.a85de902b6824289f0bed24c6f0f2ef7.jpg,A1IZ4NX41GKU4X,Approved,4098_302019081_193nopv_jpg.rf.a85de902b6824289f0bed24c6f0f2ef7.jpg,A1IZ4NX41GKU4X,TN,0,0,0,409600
4098_302019081_193nopv_jpg.rf.a85de902b6824289f0bed24c6f0f2ef7.jpg,A1XO6ONCCTBMKW,Approved,4098_302019081_193nopv_jpg.rf.a85de902b6824289f0bed24c6f0f2ef7.jpg,A1XO6ONCCTBMKW,FP,0,33532,0,376068
4098_302019081_193nopv_jpg.rf.a85de902b6824289f0bed24c6f0f2ef7.jpg,A3AA5G6HENO6VJ,Approved,4098_302019081_193nopv_jpg.rf.a85de902b6824289f0bed24c6f0f2ef7.jpg,A3AA5G6HENO6VJ,TN,0,0,0,409600
4098_302019081_193nopv_jpg.rf.a85de902b6824289f0bed24c6f0f2ef7.jpg,A3TUMZ954ORSUC,Approved,4098_302019081_193nopv_jpg.rf.a85de902b6824289f0bed24c6f0f2ef7.jpg,A3TUMZ954ORSUC,TN,0,0,0,409600
4098_302019081_193nopv_jpg.rf.a85de902b6824289f0bed24c6f0f2ef7.jpg,A16X5FB3HAFCKN,Approved,4098_302019081_193nopv_jpg.rf.a85de902b6824289f0bed24c6f0f2ef7.jpg,A16X5FB3HAFCKN,TN,0,0,0,409600
4115_302019126_195nopv_jpg.rf.0e5898b32db5e297d295f65938013716.jpg,A1IZ4NX41GKU4X,Approved,4115_302019126_195nopv_jpg.rf.0e5898b32db5e297d295f65938013716.jpg,A1IZ4NX41GKU4X,TN,0,0,0,409600
4115_302019126_195nopv_jpg.rf.0e5898b32db5e297d295f65938013716.jpg,A7V4CVENA0DYV,Approved,4115_302019126_195nopv_jpg.rf.0e5898b32db5e297d295f65938013716.jpg,A7V4CVENA0DYV,TN,0,0,0,409600
4115_302019126_195nopv_jpg.rf.0e5898b32db5e297d295f65938013716.jpg,A2EI075XZT9Y2S,Approved,4115_302019126_195nopv_jpg.rf.0e5898b32db5e297d295f65938013716.jpg,A2EI075XZT9Y2S,TN,0,0,0,409600
4115_302019126_195nopv_jpg.rf.0e5898b32db5e297d295f65938013716.jpg,A34M93NJC830DP,Approved,4115_302019126_195nopv_jpg.rf.0e5898b32db5e297d295f65938013716.jpg,A34M93NJC830DP,TN,0,0,0,409600
4115_302019126_195nopv_jpg.rf.0e5898b32db5e297d295f65938013716.jpg,A35BY30TC8WCL4,Approved,4115_302019126_195nopv_jpg.rf.0e5898b32db5e297d295f65938013716.jpg,A35BY30TC8WCL4,TN,0,0,0,409600
4224_302019597_217nopv_jpg.rf.b4a801ff86fc2f802a5d15815e9253e0.jpg,A3AA5G6HENO6VJ,Approved,4224_302019597_217nopv_jpg.rf.b4a801ff86fc2f802a5d15815e9253e0.jpg,A3AA5G6HENO6VJ,TN,0,0,0,409600
4224_302019597_217nopv_jpg.rf.b4a801ff86fc2f802a5d15815e9253e0.jpg,A1IZ4NX41GKU4X,Approved,4224_302019597_217nopv_jpg.rf.b4a801ff86fc2f802a5d15815e9253e0.jpg,A1IZ4NX41GKU4X,TN,0,0,0,409600
4224_302019597_217nopv_jpg.rf.b4a801ff86fc2f802a5d15815e9253e0.jpg,A3TUMZ954ORSUC,Approved,4224_302019597_217nopv_jpg.rf.b4a801ff86fc2f802a5d15815e9253e0.jpg,A3TUMZ954ORSUC,FP,0,5295,0,404305
4224_302019597_217nopv_jpg.rf.b4a801ff86fc2f802a5d15815e9253e0.jpg,A7V4CVENA0DYV,Approved,4224_302019597_217nopv_jpg.rf.b4a801ff86fc2f802a5d15815e9253e0.jpg,A7V4CVENA0DYV,TN,0,0,0,409600
4224_302019597_217nopv_jpg.rf.b4a801ff86fc2f802a5d15815e9253e0.jpg,A35BY30TC8WCL4,Approved,4224_302019597_217nopv_jpg.rf.b4a801ff86fc2f802a5d15815e9253e0.jpg,A35BY30TC8WCL4,TN,0,0,0,409600
423_153055_220nopv_jpg.rf.78ce802ac8d324dd4a55f9d7c8c12e53.jpg,A1IZ4NX41GKU4X,Approved,423_153055_220nopv_jpg.rf.78ce802ac8d324dd4a55f9d7c8c12e53.jpg,A1IZ4NX41GKU4X,TN,0,0,0,409600
423_153055_220nopv_jpg.rf.78ce802ac8d324dd4a55f9d7c8c12e53.jpg,A7V4CVENA0DYV,Approved,423_153055_220nopv_jpg.rf.78ce802ac8d324dd4a55f9d7c8c12e53.jpg,A7V4CVENA0DYV,TN,0,0,0,409600
423_153055_220nopv_jpg.rf.78ce802ac8d324dd4a55f9d7c8c12e53.jpg,A35BY30TC8WCL4,Approved,423_153055_220nopv_jpg.rf.78ce802ac8d324dd4a55f9d7c8c12e53.jpg,A35BY30TC8WCL4,TN,0,0,0,409600
423_153055_220nopv_jpg.rf.78ce802ac8d324dd4a55f9d7c8c12e53.jpg,A14W0AXTJ3R19V,Approved,423_153055_220nopv_jpg.rf.78ce802ac8d324dd4a55f9d7c8c12e53.jpg,A14W0AXTJ3R19V,TN,0,0,0,409600
423_153055_220nopv_jpg.rf.78ce802ac8d324dd4a55f9d7c8c12e53.jpg,A2EI075XZT9Y2S,Approved,423_153055_220nopv_jpg.rf.78ce802ac8d324dd4a55f9d7c8c12e53.jpg,A2EI075XZT9Y2S,TN,0,0,0,409600
431_153123_234nopv_jpg.rf.ecb49b0d6c7a7c68148500f74b714578.jpg,A1IZ4NX41GKU4X,Approved,431_153123_234nopv_jpg.rf.ecb49b0d6c7a7c68148500f74b714578.jpg,A1IZ4NX41GKU4X,TN,0,0,0,409600
431_153123_234nopv_jpg.rf.ecb49b0d6c7a7c68148500f74b714578.jpg,A7V4CVENA0DYV,Approved,431_153123_234nopv_jpg.rf.ecb49b0d6c7a7c68148500f74b714578.jpg,A7V4CVENA0DYV,TN,0,0,0,409600
431_153123_234nopv_jpg.rf.ecb49b0d6c7a7c68148500f74b714578.jpg,A35BY30TC8WCL4,Approved,431_153123_234nopv_jpg.rf.ecb49b0d6c7a7c68148500f74b714578.jpg,A35BY30TC8WCL4,TN,0,0,0,409600
431_153123_234nopv_jpg.rf.ecb49b0d6c7a7c68148500f74b714578.jpg,A3TUMZ954ORSUC,Approved,431_153123_234nopv_jpg.rf.ecb49b0d6c7a7c68148500f74b714578.jpg,A3TUMZ954ORSUC,TN,0,0,0,409600
431_153123_234nopv_jpg.rf.ecb49b0d6c7a7c68148500f74b714578.jpg,A2PYXFVGNJPPX0,Approved,431_153123_234nopv_jpg.rf.ecb49b0d6c7a7c68148500f74b714578.jpg,A2PYXFVGNJPPX0,TN,0,0,0,409600
4316_302019911_233nopv_jpg.rf.4dd68a880eafb33c39383dd2b6ad1f80.jpg,A1IZ4NX41GKU4X,Approved,4316_302019911_233nopv_jpg.rf.4dd68a880eafb33c39383dd2b6ad1f80.jpg,A1IZ4NX41GKU4X,TN,0,0,0,409600
4316_302019911_233nopv_jpg.rf.4dd68a880eafb33c39383dd2b6ad1f80.jpg,A7V4CVENA0DYV,Approved,4316_302019911_233nopv_jpg.rf.4dd68a880eafb33c39383dd2b6ad1f80.jpg,A7V4CVENA0DYV,TN,0,0,0,409600
4316_302019911_233nopv_jpg.rf.4dd68a880eafb33c39383dd2b6ad1f80.jpg,ABVM2KJ7CRNZ0,Approved,4316_302019911_233nopv_jpg.rf.4dd68a880eafb33c39383dd2b6ad1f80.jpg,ABVM2KJ7CRNZ0,FP,0,14770,0,394830
4316_302019911_233nopv_jpg.rf.4dd68a880eafb33c39383dd2b6ad1f80.jpg,AORHXBTOCXFUK,Rejected,4316_302019911_233nopv_jpg.rf.4dd68a880eafb33c39383dd2b6ad1f80.jpg,AORHXBTOCXFUK,FP,0,143720,0,265880
4316_302019911_233nopv_jpg.rf.4dd68a880eafb33c39383dd2b6ad1f80.jpg,A3AA5G6HENO6VJ,Approved,4316_302019911_233nopv_jpg.rf.4dd68a880eafb33c39383dd2b6ad1f80.jpg,A3AA5G6HENO6VJ,TN,0,0,0,409600
4316_302019911_233nopv_jpg.rf.4dd68a880eafb33c39383dd2b6ad1f80.jpg,A16X5FB3HAFCKN,Approved,4316_302019911_233nopv_jpg.rf.4dd68a880eafb33c39383dd2b6ad1f80.jpg,A16X5FB3HAFCKN,FP,0,15067,0,394533
451_153399_265nopv_jpg.rf.e961f597ab01ad87c628ed56561bd378.jpg,A1IZ4NX41GKU4X,Approved,451_153399_265nopv_jpg.rf.e961f597ab01ad87c628ed56561bd378.jpg,A1IZ4NX41GKU4X,TN,0,0,0,409600
451_153399_265nopv_jpg.rf.e961f597ab01ad87c628ed56561bd378.jpg,A234WZ4KX8IW07,Approved,451_153399_265nopv_jpg.rf.e961f597ab01ad87c628ed56561bd378.jpg,A234WZ4KX8IW07,FP,0,32530,0,377070
451_153399_265nopv_jpg.rf.e961f597ab01ad87c628ed56561bd378.jpg,A3AA5G6HENO6VJ,Approved,451_153399_265nopv_jpg.rf.e961f597ab01ad87c628ed56561bd378.jpg,A3AA5G6HENO6VJ,TN,0,0,0,409600
451_153399_265nopv_jpg.rf.e961f597ab01ad87c628ed56561bd378.jpg,A3TUMZ954ORSUC,Approved,451_153399_265nopv_jpg.rf.e961f597ab01ad87c628ed56561bd378.jpg,A3TUMZ954ORSUC,TN,0,0,0,409600
451_153399_265nopv_jpg.rf.e961f597ab01ad87c628ed56561bd378.jpg,A16X5FB3HAFCKN,Approved,451_153399_265nopv_jpg.rf.e961f597ab01ad87c628ed56561bd378.jpg,A16X5FB3HAFCKN,TN,0,0,0,409600
454_153637_267nopv_jpg.rf.9fcddcef67aa6b23c40a37725d62d91f.jpg,A1IZ4NX41GKU4X,Approved,454_153637_267nopv_jpg.rf.9fcddcef67aa6b23c40a37725d62d91f.jpg,A1IZ4NX41GKU4X,TN,0,0,0,409600
454_153637_267nopv_jpg.rf.9fcddcef67aa6b23c40a37725d62d91f.jpg,A7V4CVENA0DYV,Approved,454_153637_267nopv_jpg.rf.9fcddcef67aa6b23c40a37725d62d91f.jpg,A7V4CVENA0DYV,TN,0,0,0,409600
454_153637_267nopv_jpg.rf.9fcddcef67aa6b23c40a37725d62d91f.jpg,A2EI075XZT9Y2S,Approved,454_153637_267nopv_jpg.rf.9fcddcef67aa6b23c40a37725d62d91f.jpg,A2EI075XZT9Y2S,TN,0,0,0,409600
454_153637_267nopv_jpg.rf.9fcddcef67aa6b23c40a37725d62d91f.jpg,A2B6374OK8RXI9,Approved,454_153637_267nopv_jpg.rf.9fcddcef67aa6b23c40a37725d62d91f.jpg,A2B6374OK8RXI9,TN,0,0,0,409600
454_153637_267nopv_jpg.rf.9fcddcef67aa6b23c40a37725d62d91f.jpg,AORHXBTOCXFUK,Rejected,454_153637_267nopv_jpg.rf.9fcddcef67aa6b23c40a37725d62d91f.jpg,AORHXBTOCXFUK,FP,0,12979,0,396621
454_153637_267nopv_jpg.rf.9fcddcef67aa6b23c40a37725d62d91f.jpg,A3AA5G6HENO6VJ,Approved,454_153637_267nopv_jpg.rf.9fcddcef67aa6b23c40a37725d62d91f.jpg,A3AA5G6HENO6VJ,TN,0,0,0,409600
46_jpg.rf.f4163e71c399d370278113750ba977bb.jpg,A1IZ4NX41GKU4X,Approved,46_jpg.rf.f4163e71c399d370278113750ba977bb.jpg,A1IZ4NX41GKU4X,TN,0,0,0,1458000
46_jpg.rf.f4163e71c399d370278113750ba977bb.jpg,A7V4CVENA0DYV,Approved,46_jpg.rf.f4163e71c399d370278113750ba977bb.jpg,A7V4CVENA0DYV,TN,0,0,0,1458000
46_jpg.rf.f4163e71c399d370278113750ba977bb.jpg,AL8NYDL4JOYL3,Approved,46_jpg.rf.f4163e71c399d370278113750ba977bb.jpg,AL8NYDL4JOYL3,TN,0,0,0,1458000
46_jpg.rf.f4163e71c399d370278113750ba977bb.jpg,A3AA5G6HENO6VJ,Approved,46_jpg.rf.f4163e71c399d370278113750ba977bb.jpg,A3AA5G6HENO6VJ,TN,0,0,0,1458000
46_jpg.rf.f4163e71c399d370278113750ba977bb.jpg,A3TUMZ954ORSUC,Approved,46_jpg.rf.f4163e71c399d370278113750ba977bb.jpg,A3TUMZ954ORSUC,TN,0,0,0,1458000
487_154272_275nopv_jpg.rf.bcc2edf6b80cd95644260f4d8352ea8d.jpg,A2RVSBEHUCNC6K,Approved,487_154272_275nopv_jpg.rf.bcc2edf6b80cd95644260f4d8352ea8d.jpg,A2RVSBEHUCNC6K,TN,0,0,0,409600
487_154272_275nopv_jpg.rf.bcc2edf6b80cd95644260f4d8352ea8d.jpg,A1IZ4NX41GKU4X,Approved,487_154272_275nopv_jpg.rf.bcc2edf6b80cd95644260f4d8352ea8d.jpg,A1IZ4NX41GKU4X,TN,0,0,0,409600
487_154272_275nopv_jpg.rf.bcc2edf6b80cd95644260f4d8352ea8d.jpg,A35BY30TC8WCL4,Approved,487_154272_275nopv_jpg.rf.bcc2edf6b80cd95644260f4d8352ea8d.jpg,A35BY30TC8WCL4,TN,0,0,0,409600
487_154272_275nopv_jpg.rf.bcc2edf6b80cd95644260f4d8352ea8d.jpg,A34M93NJC830DP,Approved,487_154272_275nopv_jpg.rf.bcc2edf6b80cd95644260f4d8352ea8d.jpg,A34M93NJC830DP,TN,0,0,0,409600
487_154272_275nopv_jpg.rf.bcc2edf6b80cd95644260f4d8352ea8d.jpg,A2B6374OK8RXI9,Approved,487_154272_275nopv_jpg.rf.bcc2edf6b80cd95644260f4d8352ea8d.jpg,A2B6374OK8RXI9,TN,0,0,0,409600
496_154381_277nopv_jpg.rf.77f34ca8613da7b9d158dc2b79a7d2b4.jpg,A1IZ4NX41GKU4X,Approved,496_154381_277nopv_jpg.rf.77f34ca8613da7b9d158dc2b79a7d2b4.jpg,A1IZ4NX41GKU4X,TN,0,0,0,409600
496_154381_277nopv_jpg.rf.77f34ca8613da7b9d158dc2b79a7d2b4.jpg,A3AA5G6HENO6VJ,Approved,496_154381_277nopv_jpg.rf.77f34ca8613da7b9d158dc2b79a7d2b4.jpg,A3AA5G6HENO6VJ,TN,0,0,0,409600
496_154381_277nopv_jpg.rf.77f34ca8613da7b9d158dc2b79a7d2b4.jpg,A3TUMZ954ORSUC,Approved,496_154381_277nopv_jpg.rf.77f34ca8613da7b9d158dc2b79a7d2b4.jpg,A3TUMZ954ORSUC,TN,0,0,0,409600
496_154381_277nopv_jpg.rf.77f34ca8613da7b9d158dc2b79a7d2b4.jpg,A16X5FB3HAFCKN,Approved,496_154381_277nopv_jpg.rf.77f34ca8613da7b9d158dc2b79a7d2b4.jpg,A16X5FB3HAFCKN,TN,0,0,0,409600
496_154381_277nopv_jpg.rf.77f34ca8613da7b9d158dc2b79a7d2b4.jpg,A2PYXFVGNJPPX0,Approved,496_154381_277nopv_jpg.rf.77f34ca8613da7b9d158dc2b79a7d2b4.jpg,A2PYXFVGNJPPX0,FP,0,374,0,409226
54_jpg.rf.55edd6cf875d428eafff650aef60c25e.jpg,A3AA5G6HENO6VJ,Approved,54_jpg.rf.55edd6cf875d428eafff650aef60c25e.jpg,A3AA5G6HENO6VJ,TN,0,0,0,582160
54_jpg.rf.55edd6cf875d428eafff650aef60c25e.jpg,A16DOX0X2E9XBI,Approved,54_jpg.rf.55edd6cf875d428eafff650aef60c25e.jpg,A16DOX0X2E9XBI,TN,0,0,0,582160
54_jpg.rf.55edd6cf875d428eafff650aef60c25e.jpg,A1IZ4NX41GKU4X,Approved,54_jpg.rf.55edd6cf875d428eafff650aef60c25e.jpg,A1IZ4NX41GKU4X,TN,0,0,0,582160
54_jpg.rf.55edd6cf875d428eafff650aef60c25e.jpg,A35BY30TC8WCL4,Approved,54_jpg.rf.55edd6cf875d428eafff650aef60c25e.jpg,A35BY30TC8WCL4,TN,0,0,0,582160
54_jpg.rf.55edd6cf875d428eafff650aef60c25e.jpg,A7V4CVENA0DYV,Approved,54_jpg.rf.55edd6cf875d428eafff650aef60c25e.jpg,A7V4CVENA0DYV,TN,0,0,0,582160
62_jpg.rf.cbcb1284731131484ca93e50ea39f327.jpg,A1IZ4NX41GKU4X,Approved,62_jpg.rf.cbcb1284731131484ca93e50ea39f327.jpg,A1IZ4NX41GKU4X,TN,0,0,0,392000
62_jpg.rf.cbcb1284731131484ca93e50ea39f327.jpg,A2EI075XZT9Y2S,Approved,62_jpg.rf.cbcb1284731131484ca93e50ea39f327.jpg,A2EI075XZT9Y2S,TN,0,0,0,392000
62_jpg.rf.cbcb1284731131484ca93e50ea39f327.jpg,A3AA5G6HENO6VJ,Approved,62_jpg.rf.cbcb1284731131484ca93e50ea39f327.jpg,A3AA5G6HENO6VJ,TN,0,0,0,392000
62_jpg.rf.cbcb1284731131484ca93e50ea39f327.jpg,A272A0JGRTBFCR,Approved,62_jpg.rf.cbcb1284731131484ca93e50ea39f327.jpg,A272A0JGRTBFCR,FP,0,66522,0,325478
62_jpg.rf.cbcb1284731131484ca93e50ea39f327.jpg,A2PYXFVGNJPPX0,Approved,62_jpg.rf.cbcb1284731131484ca93e50ea39f327.jpg,A2PYXFVGNJPPX0,FP,0,91012,0,300988
74_jpg.rf.133448adda1d567c71a86896659167d0.jpg,A1IZ4NX41GKU4X,Approved,74_jpg.rf.133448adda1d567c71a86896659167d0.jpg,A1IZ4NX41GKU4X,TN,0,0,0,450000
74_jpg.rf.133448adda1d567c71a86896659167d0.jpg,A7V4CVENA0DYV,Approved,74_jpg.rf.133448adda1d567c71a86896659167d0.jpg,A7V4CVENA0DYV,TN,0,0,0,450000
74_jpg.rf.133448adda1d567c71a86896659167d0.jpg,A3AA5G6HENO6VJ,Approved,74_jpg.rf.133448adda1d567c71a86896659167d0.jpg,A3AA5G6HENO6VJ,TN,0,0,0,450000
74_jpg.rf.133448adda1d567c71a86896659167d0.jpg,A3TUMZ954ORSUC,Approved,74_jpg.rf.133448adda1d567c71a86896659167d0.jpg,A3TUMZ954ORSUC,TN,0,0,0,450000
74_jpg.rf.133448adda1d567c71a86896659167d0.jpg,A1YYDRHVY4LL8K,Approved,74_jpg.rf.133448adda1d567c71a86896659167d0.jpg,A1YYDRHVY4LL8K,TN,0,0,0,450000
78_142728_328nopv_jpg.rf.62eac90f9a0ce6650bf2ef6e9de05647.jpg,A3AA5G6HENO6VJ,Approved,78_142728_328nopv_jpg.rf.62eac90f9a0ce6650bf2ef6e9de05647.jpg,A3AA5G6HENO6VJ,TN,0,0,0,409600
78_142728_328nopv_jpg.rf.62eac90f9a0ce6650bf2ef6e9de05647.jpg,A1IZ4NX41GKU4X,Approved,78_142728_328nopv_jpg.rf.62eac90f9a0ce6650bf2ef6e9de05647.jpg,A1IZ4NX41GKU4X,TN,0,0,0,409600
78_142728_328nopv_jpg.rf.62eac90f9a0ce6650bf2ef6e9de05647.jpg,A35BY30TC8WCL4,Approved,78_142728_328nopv_jpg.rf.62eac90f9a0ce6650bf2ef6e9de05647.jpg,A35BY30TC8WCL4,TN,0,0,0,409600
78_142728_328nopv_jpg.rf.62eac90f9a0ce6650bf2ef6e9de05647.jpg,A7V4CVENA0DYV,Approved,78_142728_328nopv_jpg.rf.62eac90f9a0ce6650bf2ef6e9de05647.jpg,A7V4CVENA0DYV,TN,0,0,0,409600
78_142728_328nopv_jpg.rf.62eac90f9a0ce6650bf2ef6e9de05647.jpg,A2EI075XZT9Y2S,Approved,78_142728_328nopv_jpg.rf.62eac90f9a0ce6650bf2ef6e9de05647.jpg,A2EI075XZT9Y2S,TN,0,0,0,409600
89_jpg.rf.2e4229a434fc489540a1da7bafca76c7.jpg,A2RVSBEHUCNC6K,Approved,89_jpg.rf.2e4229a434fc489540a1da7bafca76c7.jpg,A2RVSBEHUCNC6K,TN,0,0,0,50325
89_jpg.rf.2e4229a434fc489540a1da7bafca76c7.jpg,A1IZ4NX41GKU4X,Approved,89_jpg.rf.2e4229a434fc489540a1da7bafca76c7.jpg,A1IZ4NX41GKU4X,TN,0,0,0,50325
89_jpg.rf.2e4229a434fc489540a1da7bafca76c7.jpg,A7V4CVENA0DYV,Approved,89_jpg.rf.2e4229a434fc489540a1da7bafca76c7.jpg,A7V4CVENA0DYV,TN,0,0,0,50325
89_jpg.rf.2e4229a434fc489540a1da7bafca76c7.jpg,A35BY30TC8WCL4,Approved,89_jpg.rf.2e4229a434fc489540a1da7bafca76c7.jpg,A35BY30TC8WCL4,TN,0,0,0,50325
89_jpg.rf.2e4229a434fc489540a1da7bafca76c7.jpg,A2EI075XZT9Y2S,Approved,89_jpg.rf.2e4229a434fc489540a1da7bafca76c7.jpg,A2EI075XZT9Y2S,TN,0,0,0,50325
93_jpg.rf.f70be11a1a6715ae40845ab07e49e5a8.jpg,A1IZ4NX41GKU4X,Approved,93_jpg.rf.f70be11a1a6715ae40845ab07e49e5a8.jpg,A1IZ4NX41GKU4X,TN,0,0,0,1465000
93_jpg.rf.f70be11a1a6715ae40845ab07e49e5a8.jpg,ABVM2KJ7CRNZ0,Approved,93_jpg.rf.f70be11a1a6715ae40845ab07e49e5a8.jpg,ABVM2KJ7CRNZ0,FP,0,20732,0,1444268
93_jpg.rf.f70be11a1a6715ae40845ab07e49e5a8.jpg,A7V4CVENA0DYV,Approved,93_jpg.rf.f70be11a1a6715ae40845ab07e49e5a8.jpg,A7V4CVENA0DYV,TN,0,0,0,1465000
93_jpg.rf.f70be11a1a6715ae40845ab07e49e5a8.jpg,A3AA5G6HENO6VJ,Approved,93_jpg.rf.f70be11a1a6715ae40845ab07e49e5a8.jpg,A3AA5G6HENO6VJ,TN,0,0,0,1465000
93_jpg.rf.f70be11a1a6715ae40845ab07e49e5a8.jpg,A272A0JGRTBFCR,Approved,93_jpg.rf.f70be11a1a6715ae40845ab07e49e5a8.jpg,A272A0JGRTBFCR,TN,0,0,0,1465000
